coord,row_letter,step_number,persona_id,persona_name,sector,monolith_platform,physical_asset,action_name,status,capital_at_risk_cr,impact_display,speed_display,vulnerability,agentic_plug,agent_registry_id,agent_registry_uri,agent_deployment_status,agent_iam_identity,agent_framework
A1,A,1,p01,Exploration Geophysicist,SUBSURFACE GEOSCIENCES,Petrel / DecisionSpace / SeisSpace,Seismic Ocean Survey Fleet & Streamer Arrays,Synthetic Seismogram Sonic Well-Tie,critical,35,₹35 Cr / yr,4.1s vs 3 Hrs,Wavelet extraction eyeballed; time-depth mismatch shifts drill target 50m.,Deterministic synthetic tie agent with automated phase rotation & cross-correlation QC.,,,,,
A2,A,2,p01,Exploration Geophysicist,SUBSURFACE GEOSCIENCES,Petrel / DecisionSpace / SeisSpace,Seismic Ocean Survey Fleet & Streamer Arrays,Time-to-Depth Velocity Model Stacking,critical,80,₹80 Cr / yr,12s vs 2 Days,Anisotropic velocity errors cause deepwater well to miss salt flank.,Tomographic velocity model updating agent incorporating real-time checkshot data.,,,,,
A3,A,3,p01,Exploration Geophysicist,SUBSURFACE GEOSCIENCES,Petrel / DecisionSpace / SeisSpace,Seismic Ocean Survey Fleet & Streamer Arrays,AVO Intercept vs Gradient Attribute,friction,20,₹20 Cr / yr,6s vs 4 Hrs,Class II/III gas sand bright spots manually picked; prone to false fizz gas.,Zoeppritz equation inversion agent classifying AVO fluid anomalies in seconds.,,,,,
A4,A,4,p01,Exploration Geophysicist,SUBSURFACE GEOSCIENCES,Petrel / DecisionSpace / SeisSpace,Seismic Ocean Survey Fleet & Streamer Arrays,Seismic Multi-Attribute Fault Extraction,friction,18,₹18 Cr / yr,15s vs 1 Day,Ant-tracking parameters tuned by trial and error; misses sub-seismic fault sealing.,Convolutional seismic discontinuity agent extracting 3D fault planes & slip vectors.,,,,,
A5,A,5,p01,Exploration Geophysicist,SUBSURFACE GEOSCIENCES,Petrel / DecisionSpace / SeisSpace,Seismic Ocean Survey Fleet & Streamer Arrays,Horizon Auto-Tracking Across Unconformities,baseline,10,₹10 Cr / yr,8s vs 3 Hrs,Cycle-skipping across salt domes and volcanic sills loses key reservoir top.,Phase-consistent auto-tracker with coherence boundary veto preventing cycle skip.,,,,,
A6,A,6,p01,Exploration Geophysicist,SUBSURFACE GEOSCIENCES,Petrel / DecisionSpace / SeisSpace,Seismic Ocean Survey Fleet & Streamer Arrays,Checkshot & VSP Drift Curve Calibration,baseline,12,₹12 Cr / yr,3s vs 1 Hr,Zero-offset VSP transit times manually spliced into sonic transit time logs.,Automated drift curve calculator with transit-time reconciliation.,,,,,
A7,A,7,p01,Exploration Geophysicist,SUBSURFACE GEOSCIENCES,Petrel / DecisionSpace / SeisSpace,Seismic Ocean Survey Fleet & Streamer Arrays,Post-Stack Spectral Decomposition,baseline,15,₹15 Cr / yr,5s vs 2 Hrs,Continuous wavelet transform parameters tuned manually per reservoir zone.,Iso-frequency spectral decomposition sentinel isolating thin-bed channels.,,,,,
A8,A,8,p01,Exploration Geophysicist,SUBSURFACE GEOSCIENCES,Petrel / DecisionSpace / SeisSpace,Seismic Ocean Survey Fleet & Streamer Arrays,Pre-Stack Seismic Inversion Elastic Impedance,friction,25,₹25 Cr / yr,20s vs 2 Wks,Acoustic impedance (AI) and Vp/Vs inversion takes 14 days on cluster.,Accelerated model-based inversion agent generating acoustic/shear impedance cubes.,,,,,
A9,A,9,p01,Exploration Geophysicist,SUBSURFACE GEOSCIENCES,Petrel / DecisionSpace / SeisSpace,Seismic Ocean Survey Fleet & Streamer Arrays,Seismic Coherence / Edge Detection QC,baseline,8,₹8 Cr / yr,4s vs 1 Hr,Variance and chaos cubes run with default spatial windows, blurring faults.,Adaptive spatial window coherence agent maximizing fault-to-noise contrast.,,,,,
A10,A,10,p01,Exploration Geophysicist,SUBSURFACE GEOSCIENCES,Petrel / DecisionSpace / SeisSpace,Seismic Ocean Survey Fleet & Streamer Arrays,4D Time-Lapse Seismic Difference Splicing,critical,50,₹50 Cr / yr,18s vs 5 Days,Non-repeatability noise between baseline and monitor surveys masks water sweep.,4D normalized root-mean-square cross-equalization & water-front tracker.,,,,,
A11,A,11,p01,Exploration Geophysicist,SUBSURFACE GEOSCIENCES,Petrel / DecisionSpace / SeisSpace,Seismic Ocean Survey Fleet & Streamer Arrays,Diffracted Wavefield Separation,baseline,12,₹12 Cr / yr,6s vs 2 Hrs,Reflection energy overwhelms faint fault diffractors; misses fracture corridors.,Plane-wave destruction filter agent isolating diffracted wavefields.,,,,,
A12,A,12,p01,Exploration Geophysicist,SUBSURFACE GEOSCIENCES,Petrel / DecisionSpace / SeisSpace,Seismic Ocean Survey Fleet & Streamer Arrays,Direct Hydrocarbon Indicator (DHI) Audit,friction,14,₹14 Cr / yr,5s vs 4 Hrs,Flat spots and phase reversals documented manually in static PowerPoint decks.,DHI consistency validation agent verifying structural concordance.,,,,,
A13,A,13,p01,Exploration Geophysicist,SUBSURFACE GEOSCIENCES,Petrel / DecisionSpace / SeisSpace,Seismic Ocean Survey Fleet & Streamer Arrays,Shallow Gas & Mud Volcano Hazard Screening,critical,65,₹65 Cr / yr,8s vs 1 Day,Shallow bright spots overlooked in top-hole drilling plan; blowout risk.,Top-hole shallow gas anomaly scanner mapping hazard cones for wellhead positioning.,,,,,
A14,A,14,p01,Exploration Geophysicist,SUBSURFACE GEOSCIENCES,Petrel / DecisionSpace / SeisSpace,Seismic Ocean Survey Fleet & Streamer Arrays,Seismic Data SEG-Y Header & Coordinate Fix,friction,9,₹9 Cr / yr,2s vs 3 Days,Inconsistent shotpoint/CDP byte positions and CRS projections delay project 3 days.,Automated SEG-Y byte-scanner & EPSG coordinate transform agent with instant repair.,,,,,
A15,A,15,p01,Exploration Geophysicist,SUBSURFACE GEOSCIENCES,Petrel / DecisionSpace / SeisSpace,Seismic Ocean Survey Fleet & Streamer Arrays,Depth Uncertainty P10/P50/P90 Volume Map,baseline,15,₹15 Cr / yr,10s vs 2 Days,Velocity uncertainty envelopes calculated manually for exploration bid round.,Monte Carlo velocity perturbation agent generating structural closure probability maps.,,,,,
B1,B,1,p02,Structural & Basin Geologist,SUBSURFACE GEOSCIENCES,Move / PetroMod / Trinity,Subsea Exploration Wildcat Wellhead Stack,Basin 1D/3D Thermal Maturation Modeling,friction,18,₹18 Cr / yr,12s vs 2 Days,Vitrinite reflectance and heat flow curves matched manually in Excel.,Kinetic maturation solver estimating peak oil/gas expulsion windows.,,,,,
B2,B,2,p02,Structural & Basin Geologist,SUBSURFACE GEOSCIENCES,Move / PetroMod / Trinity,Subsea Exploration Wildcat Wellhead Stack,Fault Juxtaposition (Allan Diagram) Mapping,critical,75,₹75 Cr / yr,6s vs 3 Days,Sand-on-sand leak across fault plane unmapped; dry appraisal well drilled.,Automated Allan diagram juxtaposition engine mapping sand-shale smear.,,,,,
B3,B,3,p02,Structural & Basin Geologist,SUBSURFACE GEOSCIENCES,Move / PetroMod / Trinity,Subsea Exploration Wildcat Wellhead Stack,Shale Gouge Ratio (SGR) Membrane Seal Calc,critical,50,₹50 Cr / yr,4s vs 1 Day,SGR calculated with constant mud volume; underestimates hydrocarbon column.,Deterministic SGR fault-leak calculator with capillary entry pressure thresholds.,,,,,
B4,B,4,p02,Structural & Basin Geologist,SUBSURFACE GEOSCIENCES,Move / PetroMod / Trinity,Subsea Exploration Wildcat Wellhead Stack,Paleostress Inversion & Fracture Tendency,friction,22,₹22 Cr / yr,8s vs 4 Hrs,Slip tendency angles calculated manually from borehole dips.,3D stress tensor agent mapping reactivated fracture corridors for drilling risk.,,,,,
B5,B,5,p02,Structural & Basin Geologist,SUBSURFACE GEOSCIENCES,Move / PetroMod / Trinity,Subsea Exploration Wildcat Wellhead Stack,Source Rock Total Organic Carbon (TOC) Map,baseline,14,₹14 Cr / yr,3s vs 2 Hrs,Passey method parameters varied arbitrarily across wildcat exploration blocks.,Passey equation solver calculating TOC distribution from sonic-resistivity overlays.,,,,,
B6,B,6,p02,Structural & Basin Geologist,SUBSURFACE GEOSCIENCES,Move / PetroMod / Trinity,Subsea Exploration Wildcat Wellhead Stack,Hydrocarbon Migration Pathway 3D Ray-Trace,baseline,16,₹16 Cr / yr,14s vs 1 Day,Secondary migration ray-tracing lost across subtle structural saddles.,Buoyancy-driven secondary migration stream tracer mapping fill-and-spill closures.,,,,,
B7,B,7,p02,Structural & Basin Geologist,SUBSURFACE GEOSCIENCES,Move / PetroMod / Trinity,Subsea Exploration Wildcat Wellhead Stack,Geopressure Pore-Pressure Modeling (Eaton),critical,85,₹85 Cr / yr,5s vs 6 Hrs,Eaton exponent miscalculated; unexpected overpressure causes severe rig kick.,Eaton & Bowers pore pressure modeler cross-validating compaction trends vs mudweights.,,,,,
B8,B,8,p02,Structural & Basin Geologist,SUBSURFACE GEOSCIENCES,Move / PetroMod / Trinity,Subsea Exploration Wildcat Wellhead Stack,Palinspastic Structural Restoration (2D/3D),friction,20,₹20 Cr / yr,30s vs 2 Wks,Flexural slip unfolding of fault blocks takes weeks; structural timing missed.,Kinematic structural restoration agent checking geometry validity and trap timing.,,,,,
B9,B,9,p02,Structural & Basin Geologist,SUBSURFACE GEOSCIENCES,Move / PetroMod / Trinity,Subsea Exploration Wildcat Wellhead Stack,Sediment Compaction & Porosity Decay Curve,baseline,11,₹11 Cr / yr,2s vs 1 Hr,Sclater-Christie compaction coefficients misapplied across mixed carbonates.,Multi-lithology porosity decay solver computing effective overburden stress paths.,,,,,
B10,B,10,p02,Structural & Basin Geologist,SUBSURFACE GEOSCIENCES,Move / PetroMod / Trinity,Subsea Exploration Wildcat Wellhead Stack,Unconformity Eroded Thickness Estimation,friction,15,₹15 Cr / yr,7s vs 3 Hrs,Vitrinite reflectance slope break manually eyeballed to estimate missing overburden.,Kinetic maturity inversion agent estimating net exhumation and uplift thickness.,,,,,
B11,B,11,p02,Structural & Basin Geologist,SUBSURFACE GEOSCIENCES,Move / PetroMod / Trinity,Subsea Exploration Wildcat Wellhead Stack,Trap Volume Spill-Point Calculation,baseline,18,₹18 Cr / yr,4s vs 2 Hrs,Multi-fault trap spill points manually evaluated; column volume overbooked.,Topographic spill-point crawler identifying maximum gross rock volume (GRV).,,,,,
B12,B,12,p02,Structural & Basin Geologist,SUBSURFACE GEOSCIENCES,Move / PetroMod / Trinity,Subsea Exploration Wildcat Wellhead Stack,Core Fracture Network Density & Aperture QC,baseline,12,₹12 Cr / yr,9s vs 5 Hrs,Micro-fracture counts from whole core photos transcribed manually into logs.,Computer-vision core image fracture analyzer computing fracture frequency.,,,,,
B13,B,13,p02,Structural & Basin Geologist,SUBSURFACE GEOSCIENCES,Move / PetroMod / Trinity,Subsea Exploration Wildcat Wellhead Stack,Top Seal Caprock Micro-Pore Breakthrough,critical,60,₹60 Cr / yr,5s vs 1 Day,Mercury injection capillary pressure leak curves unlinked to mud density.,Caprock seal capacity evaluator determining maximum sustainable gas column height.,,,,,
B14,B,14,p02,Structural & Basin Geologist,SUBSURFACE GEOSCIENCES,Move / PetroMod / Trinity,Subsea Exploration Wildcat Wellhead Stack,Geochemical Biomarker Oil-Source Correlation,baseline,10,₹10 Cr / yr,3s vs 2 Hrs,GC-MS sterane ratios tabulated in Word and loose spreadsheets.,Geochemical biomarker fingerprinting agent correlating oils to distinct source beds.,,,,,
B15,B,15,p02,Structural & Basin Geologist,SUBSURFACE GEOSCIENCES,Move / PetroMod / Trinity,Subsea Exploration Wildcat Wellhead Stack,Regional Pressure-Depth Hydrostatic Gradient,baseline,14,₹14 Cr / yr,2s vs 1 Hr,Water/Oil/Gas density line intersections calculated on loose paper plots.,Modular formation gradient analyzer computing exact regional hydrodynamic contacts.,,,,,
C1,C,1,p03,Development & Reservoir Geologist,SUBSURFACE GEOSCIENCES,Petrel Geology / RMS / Gocad,Deepwater Semi-Submersible Floating Rig,Multi-Well Stratigraphic Sequence Tops Pick,friction,24,₹24 Cr / yr,11s vs 3 Days,Human correlation fatigue across 80 wells creates cross-fault misties.,Dynamic time-warping sequence correlation agent matching markers.,,,,,
C2,C,2,p03,Development & Reservoir Geologist,SUBSURFACE GEOSCIENCES,Petrel Geology / RMS / Gocad,Deepwater Semi-Submersible Floating Rig,Variogram Modeling for Facies Kriging,friction,19,₹19 Cr / yr,8s vs 4 Hrs,Major/minor range and nugget chosen subjectively; unrealistic channel bodies.,Automated spatial variogram optimizer fitting empirical variograms to well data.,,,,,
C3,C,3,p03,Development & Reservoir Geologist,SUBSURFACE GEOSCIENCES,Petrel Geology / RMS / Gocad,Deepwater Semi-Submersible Floating Rig,Sequential Indicator Simulation (SIS) Facies,baseline,22,₹22 Cr / yr,18s vs 1 Day,Facies distribution unconditioned to seismic impedance; misplaces infill producer.,Multi-point geostatistics agent conditioning facies directly to acoustic impedance.,,,,,
C4,C,4,p03,Development & Reservoir Geologist,SUBSURFACE GEOSCIENCES,Petrel Geology / RMS / Gocad,Deepwater Semi-Submersible Floating Rig,Net-to-Gross (NTG) Cutoff Optimization,baseline,16,₹16 Cr / yr,4s vs 2 Hrs,Arbitrary 10% porosity / 50% Vsh cutoffs discard marginal net pay barrels.,Pay-cutoff optimization agent correlating flow capacity to recovery.,,,,,
C5,C,5,p03,Development & Reservoir Geologist,SUBSURFACE GEOSCIENCES,Petrel Geology / RMS / Gocad,Deepwater Semi-Submersible Floating Rig,Horizon Resampling into Corner-Point Grids,friction,15,₹15 Cr / yr,6s vs 5 Hrs,Pillar gridding introduces negative cell volumes; halts reservoir simulation.,Grid geometry validation agent repairing collapsed cells and negative Jacobians.,,,,,
C6,C,6,p03,Development & Reservoir Geologist,SUBSURFACE GEOSCIENCES,Petrel Geology / RMS / Gocad,Deepwater Semi-Submersible Floating Rig,Offset Well Mudlog Gas Hazard Correlation,critical,70,₹70 Cr / yr,5s vs 4 Days,2004 scanned mudlog shows gas kick at 3,250m; ignored in infill well plan.,Offset Hazard Mudlog Scout: OCRs archival PDF mudlogs, flags kick depths in 3D.,,,,,
C7,C,7,p03,Development & Reservoir Geologist,SUBSURFACE GEOSCIENCES,Petrel Geology / RMS / Gocad,Deepwater Semi-Submersible Floating Rig,Depositional Facies Proportion Curve QC,baseline,11,₹11 Cr / yr,3s vs 1 Hr,Vertical proportion curves skewed by clustering of appraisal wells.,Debiaising spatial weighting agent generating representative regional VPC curves.,,,,,
C8,C,8,p03,Development & Reservoir Geologist,SUBSURFACE GEOSCIENCES,Petrel Geology / RMS / Gocad,Deepwater Semi-Submersible Floating Rig,Fluid Contact Depth Surface Interpolation,critical,55,₹55 Cr / yr,7s vs 1 Day,Tilted oil-water contact due to hydrodynamic flow modeled as flat plane.,Hydrodynamic potentiometric surface agent mapping true 3D fluid contact dip.,,,,,
C9,C,9,p03,Development & Reservoir Geologist,SUBSURFACE GEOSCIENCES,Petrel Geology / RMS / Gocad,Deepwater Semi-Submersible Floating Rig,Carbonate Karst & Vuggy Porosity Modeling,friction,18,₹18 Cr / yr,12s vs 6 Hrs,Secondary porosity distribution disconnected from fracture intensity maps.,Discrete fracture-vug network agent distributing secondary karst porosity.,,,,,
C10,C,10,p03,Development & Reservoir Geologist,SUBSURFACE GEOSCIENCES,Petrel Geology / RMS / Gocad,Deepwater Semi-Submersible Floating Rig,Upscaling Petrophysical Properties for Sim,friction,25,₹25 Cr / yr,15s vs 1 Day,Arithmetic averaging of perm ruins reservoir water breakthrough prediction.,Flow-based tensor upscaling agent preserving fine-scale flow barriers.,,,,,
C11,C,11,p03,Development & Reservoir Geologist,SUBSURFACE GEOSCIENCES,Petrel Geology / RMS / Gocad,Deepwater Semi-Submersible Floating Rig,Hydrocarbon Pore Volume (HCPV) Roll-Up,baseline,14,₹14 Cr / yr,2s vs 2 Hrs,Inconsistent bulk volume integrations lead to discrepancy between teams.,Standardized deterministic HCPV roll-up engine with audit-verified reserve tracking.,,,,,
C12,C,12,p03,Development & Reservoir Geologist,SUBSURFACE GEOSCIENCES,Petrel Geology / RMS / Gocad,Deepwater Semi-Submersible Floating Rig,Infill Well Trajectory Target Corridor Check,critical,65,₹65 Cr / yr,6s vs 8 Hrs,Well plan clips low-perm shale baffle; reduces initial production rate by 60%.,Geosteering sweetspot trajectory optimizer routing well path through P90 net pay.,,,,,
C13,C,13,p03,Development & Reservoir Geologist,SUBSURFACE GEOSCIENCES,Petrel Geology / RMS / Gocad,Deepwater Semi-Submersible Floating Rig,Multi-Well Sand-Body Connectivity Index,baseline,17,₹17 Cr / yr,5s vs 3 Hrs,Sand bodies modeled as continuous that are actually isolated channel pods.,Percolation theory connectivity agent calculating connected static sand volume.,,,,,
C14,C,14,p03,Development & Reservoir Geologist,SUBSURFACE GEOSCIENCES,Petrel Geology / RMS / Gocad,Deepwater Semi-Submersible Floating Rig,Geostatistical Collocated Cokriging (SGCO),baseline,13,₹13 Cr / yr,8s vs 4 Hrs,Porosity cube unconstrained by seismic impedance creates non-physical bullseyes.,Collocated cokriging engine integrating 3D seismic AI directly into porosity grids.,,,,,
C15,C,15,p03,Development & Reservoir Geologist,SUBSURFACE GEOSCIENCES,Petrel Geology / RMS / Gocad,Deepwater Semi-Submersible Floating Rig,Reservoir Architecture Static Model Handover,friction,20,₹20 Cr / yr,10s vs 3 Wks,500-page static model document takes 3 weeks to compile; simulator waits.,Autonomous static-to-dynamic model packager generating clean Eclipse decks.,,,,,
D1,D,1,p04,Drilling Operations Engineer,DRILLING & WELLS,Landmark WellPlan / Compass / Sysdrill,HPHT Wellhead Blowout Preventer (BOP) Stack,Casing Shoe Seat Selection vs Pore/Fracture,critical,95,₹95 Cr / yr,4s vs 8 Hrs,Shoe placed in weak fracture zone; blowout kick during next drilling section.,Deterministic casing seat optimizer selecting maximum kick tolerance depth.,casing_shoe_optimizer,projects/og-enterprise-prod/locations/us-central1/agents/casing_shoe_optimizer,Planned Wave 1,casing-shoe-agent@og-enterprise-prod.iam.gserviceaccount.com,Google ADK + Geomechanics
D2,D,2,p04,Drilling Operations Engineer,DRILLING & WELLS,Landmark WellPlan / Compass / Sysdrill,HPHT Wellhead Blowout Preventer (BOP) Stack,Anti-Collision Scanning vs Offset Wellbores,critical,120,₹120 Cr / yr,0.2s vs 1 Hr,Ellipse of uncertainty calculation lag; drill bit collides with live producer.,Real-time 3D travelling cylinder & error ellipse scanner with 0ms collision alert.,anti_collision_proximity_sentinel,projects/og-enterprise-prod/locations/us-central1/agents/anti_collision_proximity_sentinel,Planned Wave 1,anti-collision-agent@og-enterprise-prod.iam.gserviceaccount.com,Google ADK + Spatial Geometry
D3,D,3,p04,Drilling Operations Engineer,DRILLING & WELLS,Landmark WellPlan / Compass / Sysdrill,HPHT Wellhead Blowout Preventer (BOP) Stack,Circulating Hydraulics & ECD Management,critical,60,₹60 Cr / yr,1s vs Continuous,Equivalent Circulating Density exceeds fracture gradient; severe mud loss.,Real-time rheology hydraulics solver predicting downhole ECD.,,,,,
D4,D,4,p04,Drilling Operations Engineer,DRILLING & WELLS,Landmark WellPlan / Compass / Sysdrill,HPHT Wellhead Blowout Preventer (BOP) Stack,Drillstring Torque & Drag Friction Factor,friction,22,₹22 Cr / yr,3s vs 2 Hrs,Soft-string model friction factors guessed; drillstring stalls out.,Inverted hookload telemetry matcher updating true cased/open hole friction.,,,,,
D5,D,5,p04,Drilling Operations Engineer,DRILLING & WELLS,Landmark WellPlan / Compass / Sysdrill,HPHT Wellhead Blowout Preventer (BOP) Stack,Kick Tolerance & Influx Volume Envelope,critical,110,₹110 Cr / yr,1s vs 30 Mins,Driller accepts gas influx larger than kick tolerance; gas breaches surface.,Dynamic kick tolerance calculator updating maximum allowable shut-in casing pressure.,kick_tolerance_sentinel,projects/og-enterprise-prod/locations/us-central1/agents/kick_tolerance_sentinel,Planned Wave 1,kick-sentinel@og-enterprise-prod.iam.gserviceaccount.com,Google ADK + Well Control
D6,D,6,p04,Drilling Operations Engineer,DRILLING & WELLS,Landmark WellPlan / Compass / Sysdrill,HPHT Wellhead Blowout Preventer (BOP) Stack,3:00 AM Graveyard Shift Driller Handover,critical,50,₹50 Cr / yr,Instant vs Missed,Verbal morning report misses 2m depth shift; driller tags unexpected high pressure.,Shift Sentinel: Cross-references mudlog gas peaks, torque spikes, and DDR notes.,,,,,
D7,D,7,p04,Drilling Operations Engineer,DRILLING & WELLS,Landmark WellPlan / Compass / Sysdrill,HPHT Wellhead Blowout Preventer (BOP) Stack,Drill bit Selection & Specific Energy (MSE),baseline,16,₹16 Cr / yr,1s vs Post-Mortem,Dull PDC bit run past economic limit; Mechanical Specific Energy triples.,Real-time MSE surveillance agent tracking bit efficiency dynamically.,,,,,
D8,D,8,p04,Drilling Operations Engineer,DRILLING & WELLS,Landmark WellPlan / Compass / Sysdrill,HPHT Wellhead Blowout Preventer (BOP) Stack,Bottom-Hole Assembly (BHA) Sag Correction,baseline,14,₹14 Cr / yr,2s vs 1 Hr,Inclinometer sensor sag in high-angle well produces 1.5m TVD error.,Finite element BHA mechanical deflection agent calculating exact geometric TVD.,,,,,
D9,D,9,p04,Drilling Operations Engineer,DRILLING & WELLS,Landmark WellPlan / Compass / Sysdrill,HPHT Wellhead Blowout Preventer (BOP) Stack,Wellbore Breathing vs Real Loss Identification,friction,28,₹28 Cr / yr,4s vs 3 Hrs,Crew misinterprets ballooning formation as real mud loss, weighting up mud.,Flowback signature deconvolution agent separating ballooning from lost circulation.,,,,,
D10,D,10,p04,Drilling Operations Engineer,DRILLING & WELLS,Landmark WellPlan / Compass / Sysdrill,HPHT Wellhead Blowout Preventer (BOP) Stack,Casing Centralization & Standoff Model,baseline,18,₹18 Cr / yr,5s vs 2 Hrs,Low centralizer standoff causes mud channeling and wet cement bond.,API Spec 10D standoff optimizer calculating centralizer spacing for 80%+ standoff.,,,,,
D11,D,11,p04,Drilling Operations Engineer,DRILLING & WELLS,Landmark WellPlan / Compass / Sysdrill,HPHT Wellhead Blowout Preventer (BOP) Stack,Surge and Swab Pressure Envelope Check,critical,75,₹75 Cr / yr,0.5s vs Rule of Thumb,Tripping pipe out too fast swabbing massive gas kick into wellbore.,Dynamic surge/swab velocity governor limiting trip speeds to safe pore-fracture window.,,,,,
D12,D,12,p04,Drilling Operations Engineer,DRILLING & WELLS,Landmark WellPlan / Compass / Sysdrill,HPHT Wellhead Blowout Preventer (BOP) Stack,Dynamic Well Control Kill Sheet Compilation,critical,85,₹85 Cr / yr,1s vs 25 Mins,Wait-and-weight calculations manually compiled during kick; panic math error.,Automated Wait-and-Weight kill sheet agent calculating exact pressure schedules.,,,,,
D13,D,13,p04,Drilling Operations Engineer,DRILLING & WELLS,Landmark WellPlan / Compass / Sysdrill,HPHT Wellhead Blowout Preventer (BOP) Stack,Rate of Penetration (ROP) Drilling Parameter,baseline,15,₹15 Cr / yr,2s vs 1 Hr,Driller hunts for optimal WOB/RPM manually; rate of penetration stalls.,Drill-off test optimization agent recommending sweetspot WOB/RPM parameters.,,,,,
D14,D,14,p04,Drilling Operations Engineer,DRILLING & WELLS,Landmark WellPlan / Compass / Sysdrill,HPHT Wellhead Blowout Preventer (BOP) Stack,Bit Hydraulics & Total Flow Area (TFA) Match,baseline,12,₹12 Cr / yr,3s vs 1 Hr,Nozzle sizing creates suboptimal bottom-hole cleaning; balling up bit teeth.,Jet impact force and hydraulic horsepower per square inch optimizer.,,,,,
D15,D,15,p04,Drilling Operations Engineer,DRILLING & WELLS,Landmark WellPlan / Compass / Sysdrill,HPHT Wellhead Blowout Preventer (BOP) Stack,Daily Drilling Report (DDR) NPT Ledger Audit,friction,20,₹20 Cr / yr,5s vs 4 Hrs,Standby hours and tool failures categorized vaguely to avoid penalties.,Sovereign DDR classification agent matching telemetry logs to billing codes in BigQuery.,,,,,
E1,E,1,p05,Drilling Fluids & Mud Chemist,DRILLING & WELLS,M-I SWACO Virtual Mud / DFG,Active Mud Circulating Shakers & Mud Pit Room,HPHT Mud Rheology & Barite Sag Prediction,critical,65,₹65 Cr / yr,3s vs 4 Hrs,Viscosity collapse at 180°C leads to barite sag and loss of hydrostatic head.,HPHT yield stress predictor with barite sag early-warning model.,,,,,
E2,E,2,p05,Drilling Fluids & Mud Chemist,DRILLING & WELLS,M-I SWACO Virtual Mud / DFG,Active Mud Circulating Shakers & Mud Pit Room,Active Mud Pit Volume Totalizer (PVT) Balance,critical,80,₹80 Cr / yr,0.5s vs 40 Mins,Pit level drift masked by transfers; 15-bbl gas kick goes unnoticed 40 mins.,Mass-balanced automated pit level sentinel filtering out rig heave and transfers.,,,,,
E3,E,3,p05,Drilling Fluids & Mud Chemist,DRILLING & WELLS,M-I SWACO Virtual Mud / DFG,Active Mud Circulating Shakers & Mud Pit Room,Low-Gravity Solids (LGS) Accumulation Monitor,friction,18,₹18 Cr / yr,4s vs 2 Hrs,Shaker screen bypass increases drilled solids; destroys penetration rate.,Real-time LGS mass accumulation tracker calculating screen blinding.,,,,,
E4,E,4,p05,Drilling Fluids & Mud Chemist,DRILLING & WELLS,M-I SWACO Virtual Mud / DFG,Active Mud Circulating Shakers & Mud Pit Room,Oil-Base Mud (OBM) Emulsion Stability,baseline,14,₹14 Cr / yr,2s vs 1 Hr,Water droplet coalescence in invert emulsion causes open-hole collapse.,Electrical stability voltage trend tracker warning of water wetting.,,,,,
E5,E,5,p05,Drilling Fluids & Mud Chemist,DRILLING & WELLS,M-I SWACO Virtual Mud / DFG,Active Mud Circulating Shakers & Mud Pit Room,Gas-Cut Mud Degasser Performance Monitoring,critical,50,₹50 Cr / yr,2s vs 1 Hr,Vacuum degasser efficiency drops; recirculated gas reduces mud density.,Continuous mud density-in vs density-out mass balance verifying degasser efficiency.,,,,,
E6,E,6,p05,Drilling Fluids & Mud Chemist,DRILLING & WELLS,M-I SWACO Virtual Mud / DFG,Active Mud Circulating Shakers & Mud Pit Room,Salt Inflow & Contamination Detection,friction,20,₹20 Cr / yr,3s vs 2 Hrs,Drilling through subterranean salt causes flocculation; viscosity spikes.,Downhole ionic conductivity and chloride balance sentinel detecting salt entry.,,,,,
E7,E,7,p05,Drilling Fluids & Mud Chemist,DRILLING & WELLS,M-I SWACO Virtual Mud / DFG,Active Mud Circulating Shakers & Mud Pit Room,Dynamic Filter Cake Permeability Model,critical,70,₹70 Cr / yr,4s vs 3 Hrs,Thick filter cake forms across permeable sand; differential pipe sticking.,API/HPHT filtration loss model predicting mudcake thickness and sticking force.,,,,,
E8,E,8,p05,Drilling Fluids & Mud Chemist,DRILLING & WELLS,M-I SWACO Virtual Mud / DFG,Active Mud Circulating Shakers & Mud Pit Room,Invert Emulsion Oil-Water Ratio (OWR) Trim,baseline,12,₹12 Cr / yr,2s vs 12 Hrs,Retort distillation measurements manually logged once per 12 hours.,Continuous retort mass-balance estimator tracking real-time OWR.,,,,,
E9,E,9,p05,Drilling Fluids & Mud Chemist,DRILLING & WELLS,M-I SWACO Virtual Mud / DFG,Active Mud Circulating Shakers & Mud Pit Room,Clay Hydration & Cation Exchange Capacity,baseline,15,₹15 Cr / yr,3s vs 2 Hrs,Reactive smectite shales strip potassium ions; hole sloughs.,Methylene Blue Capacity ion-depletion tracker adjusting KCl/glycol additions.,,,,,
E10,E,10,p05,Drilling Fluids & Mud Chemist,DRILLING & WELLS,M-I SWACO Virtual Mud / DFG,Active Mud Circulating Shakers & Mud Pit Room,Thermal Expansion & Fluid Compressibility,baseline,16,₹16 Cr / yr,4s vs 2 Hrs,Deepwater cold riser cooling increases mud density while downhole heating thins it.,Coupled thermal-hydraulic wellbore density profiler updating true downhole TVD.,,,,,
E11,E,11,p05,Drilling Fluids & Mud Chemist,DRILLING & WELLS,M-I SWACO Virtual Mud / DFG,Active Mud Circulating Shakers & Mud Pit Room,Lost Circulation Material (LCM) Pill Design,critical,55,₹55 Cr / yr,5s vs 4 Hrs,Vague particle size distribution pill fails to seal fractured vugular zone.,Ideal Packing Theory particle size optimization agent matching fracture aperture.,,,,,
E12,E,12,p05,Drilling Fluids & Mud Chemist,DRILLING & WELLS,M-I SWACO Virtual Mud / DFG,Active Mud Circulating Shakers & Mud Pit Room,Cement Spacer Rheological Hierarchy Check,friction,22,₹22 Cr / yr,3s vs 2 Hrs,Spacer viscosity lower than drilling mud; mud channeling leads to wet shoe.,Rheological hierarchy validator verifying yield stress rule.,,,,,
E13,E,13,p05,Drilling Fluids & Mud Chemist,DRILLING & WELLS,M-I SWACO Virtual Mud / DFG,Active Mud Circulating Shakers & Mud Pit Room,Hydrogen Sulfide (H2S) Scavenger Consumption,critical,85,₹85 Cr / yr,1s vs Lab Shift,Sour gas zone exhausts scavenger reserves; deadly gas reaches shaker deck.,Reaction kinetics mass-balance sentinel tracking H2S scavenger consumption rate.,,,,,
E14,E,14,p05,Drilling Fluids & Mud Chemist,DRILLING & WELLS,M-I SWACO Virtual Mud / DFG,Active Mud Circulating Shakers & Mud Pit Room,Plastic Viscosity and Yield Point Ingestion,baseline,10,₹10 Cr / yr,2s vs 1 Hr,Fann 35 viscometer 6-speed dial readings manually typed into morning spreadsheet.,Automated viscometer telemetry ingestor calculating true PV, YP and gel strengths.,,,,,
E15,E,15,p05,Drilling Fluids & Mud Chemist,DRILLING & WELLS,M-I SWACO Virtual Mud / DFG,Active Mud Circulating Shakers & Mud Pit Room,Synthetic Base Oil Environmental Toxicity QC,baseline,14,₹14 Cr / yr,3s vs 2 Hrs,Drill cuttings retention on cuttings exceeds offshore discharge regulations.,Cuttings dryer mass balance agent certifying ROC compliance.,,,,,
F1,F,1,p06,Directional Drilling & MWD Lead,DRILLING & WELLS,Compass / Maxwell / Advant,Downhole Rotary Steerable Drillstring & BHA,Real-Time Geosteering Boundary Detection,critical,90,₹90 Cr / yr,2s vs 45 Mins,High-side gamma boundary clipped; horizontal well exits sweetspot into shale.,Deep azimuthal resistivity boundary inversion agent steering bit in top 1m of pay.,geosteering_boundary_sentinel,projects/og-enterprise-prod/locations/us-central1/agents/geosteering_boundary_sentinel,Planned Wave 1,geosteering-agent@og-enterprise-prod.iam.gserviceaccount.com,Google ADK + Inversion Physics
F2,F,2,p06,Directional Drilling & MWD Lead,DRILLING & WELLS,Compass / Maxwell / Advant,Downhole Rotary Steerable Drillstring & BHA,Mud Pulse Telemetry Signal Demodulation,friction,25,₹25 Cr / yr,0.2s vs 45 Mins,Mud pump noise corrupts downhole pulses; driller flies blind for 45 mins.,Adaptive noise cancellation filter extracting faint pressure pulses through pump noise.,,,,,
F3,F,3,p06,Directional Drilling & MWD Lead,DRILLING & WELLS,Compass / Maxwell / Advant,Downhole Rotary Steerable Drillstring & BHA,Motor Slide vs Rotary Dogleg Severity (DLS),baseline,16,₹16 Cr / yr,1s vs 30 Mins,Toolface roll causes high dogleg; creates casing wear groove and keyseat.,Slide sheet execution tracker calculating actual motor yield and projection to bit.,,,,,
F4,F,4,p06,Directional Drilling & MWD Lead,DRILLING & WELLS,Compass / Maxwell / Advant,Downhole Rotary Steerable Drillstring & BHA,Geomagnetic Multi-Station Analysis (MSA),critical,55,₹55 Cr / yr,3s vs 2 Hrs,Drillstring magnetic interference biases azimuth; well wanders 30m off target.,Multi-station geomagnetic validation agent correcting for magnetic bias.,,,,,
F5,F,5,p06,Directional Drilling & MWD Lead,DRILLING & WELLS,Compass / Maxwell / Advant,Downhole Rotary Steerable Drillstring & BHA,Downhole Stick-Slip Torsional Vibration,critical,70,₹70 Cr / yr,0.1s vs Catastrophe,Extreme RPM fluctuations snap drillpipe collar; ₹15 Cr fishing job required.,High-frequency torsional vibration sentinel recommending surface decoupling.,,,,,
F6,F,6,p06,Directional Drilling & MWD Lead,DRILLING & WELLS,Compass / Maxwell / Advant,Downhole Rotary Steerable Drillstring & BHA,Continuous Inclination & Azimuth Tracking,baseline,18,₹18 Cr / yr,1s vs 30 Mins,Survey taken only on connections; misses severe dogleg during stand drill.,Continuous inclination/azimuth Kalman filter tracking true well path.,,,,,
F7,F,7,p06,Directional Drilling & MWD Lead,DRILLING & WELLS,Compass / Maxwell / Advant,Downhole Rotary Steerable Drillstring & BHA,Rotary Steerable System (RSS) Pad Force QC,baseline,20,₹20 Cr / yr,2s vs 1 Hr,Hydraulic push pads foul with solids; steering response drops 50%.,RSS pad pressure telemetry validator warning of actuator degradation.,,,,,
F8,F,8,p06,Directional Drilling & MWD Lead,DRILLING & WELLS,Compass / Maxwell / Advant,Downhole Rotary Steerable Drillstring & BHA,LWD Density-Neutron Stand-Off Correction,baseline,14,₹14 Cr / yr,2s vs 1 Hr,Rugose wellbore washouts induce severe stand-off; falsifies gas porosity.,Stand-off spine-and-ribs correction agent filtering washed-out density readings.,,,,,
F9,F,9,p06,Directional Drilling & MWD Lead,DRILLING & WELLS,Compass / Maxwell / Advant,Downhole Rotary Steerable Drillstring & BHA,Lateral Vibration & Whirl Boundary Monitor,critical,45,₹45 Cr / yr,0.5s vs Tool Death,Backward whirl destroys PDC cutter diamonds in minutes; halts drilling progress.,Shock and vibration spectral analyzer isolating forward vs backward whirl.,,,,,
F10,F,10,p06,Directional Drilling & MWD Lead,DRILLING & WELLS,Compass / Maxwell / Advant,Downhole Rotary Steerable Drillstring & BHA,Projection-to-Bit (PTB) Trajectory Calculation,baseline,15,₹15 Cr / yr,1s vs 20 Mins,Survey sensor is 15m behind bit; driller misjudges fault intersection point.,Minimum curvature projection-to-bit extrapolator incorporating bending moments.,,,,,
F11,F,11,p06,Directional Drilling & MWD Lead,DRILLING & WELLS,Compass / Maxwell / Advant,Downhole Rotary Steerable Drillstring & BHA,Acoustic Wellbore Caliper from LWD Time,friction,19,₹19 Cr / yr,4s vs 3 Hrs,Manual caliper picking from sonic LWD logs delays cement volume calculation.,Acoustic transit-time radial distance agent calculating exact open-hole volume.,,,,,
F12,F,12,p06,Directional Drilling & MWD Lead,DRILLING & WELLS,Compass / Maxwell / Advant,Downhole Rotary Steerable Drillstring & BHA,Magnetic Ranging for Wellbore Interception,baseline,30,₹30 Cr / yr,3s vs 2 Hrs,Relief well tracking blowing-out wellbore misinterprets magnetic gradient.,Active magnetic gradient inversion solver computing true distance/bearing to target.,,,,,
F13,F,13,p06,Directional Drilling & MWD Lead,DRILLING & WELLS,Compass / Maxwell / Advant,Downhole Rotary Steerable Drillstring & BHA,Gamma Ray Azimuthal Bed Dip Calculation,baseline,12,₹12 Cr / yr,2s vs 1 Hr,Up/Down/Left/Right gamma sectors manually phased to calculate structural dip.,Automated sine-fitting sinusoidal image agent computing apparent and true dip.,,,,,
F14,F,14,p06,Directional Drilling & MWD Lead,DRILLING & WELLS,Compass / Maxwell / Advant,Downhole Rotary Steerable Drillstring & BHA,MWD Pulser Battery & Turbine Health,baseline,16,₹16 Cr / yr,2s vs 4 Hrs,Turbine voltage collapse forces unneeded tripping of 4,000m drillstring.,Downhole power telemetry monitor predicting alternator degradation.,,,,,
F15,F,15,p06,Directional Drilling & MWD Lead,DRILLING & WELLS,Compass / Maxwell / Advant,Downhole Rotary Steerable Drillstring & BHA,WITSML Real-Time Rig-to-Shore Data Bridge,friction,22,₹22 Cr / yr,0.1s vs 30 Mins,WITSML schema mismatch between rig and town office causes 30-min blackout.,Sovereign WITSML protocol translation bridge guaranteeing zero data dropout.,,,,,
G1,G,1,p07,Well Integrity & Casing Design Engineer,DRILLING & WELLS,StressCheck / CasingSeat / iCem,Production Wellhead Christmas Tree & Surface Choke,Casing Triaxial Burst & Collapse Stress Model,critical,85,₹85 Cr / yr,4s vs 8 Hrs,Evacuation load during gas kick underestimates collapse; casing shears.,API TR 5C3 triaxial Von Mises stress validator verifying safety factors.,,,,,
G2,G,2,p07,Well Integrity & Casing Design Engineer,DRILLING & WELLS,StressCheck / CasingSeat / iCem,Production Wellhead Christmas Tree & Surface Choke,Annular Pressure Buildup (APB) Thermal Model,critical,95,₹95 Cr / yr,6s vs 1 Day,Trapped fluid in Annulus-A expands under production heat; bursts casing.,Transient thermal-hydraulic APB simulator calculating required burst disks.,,,,,
G3,G,3,p07,Well Integrity & Casing Design Engineer,DRILLING & WELLS,StressCheck / CasingSeat / iCem,Production Wellhead Christmas Tree & Surface Choke,Cement Slurry Placement & Mud Displacement,critical,60,₹60 Cr / yr,8s vs 6 Hrs,Incomplete mud removal leaves mud channel; gas leaks to surface (SCP).,3D eccentric annulus mud displacement fluid dynamics solver.,,,,,
G4,G,4,p07,Well Integrity & Casing Design Engineer,DRILLING & WELLS,StressCheck / CasingSeat / iCem,Production Wellhead Christmas Tree & Surface Choke,Ultrasonic Cement Bond (CBL/VDL) Log Eval,critical,70,₹70 Cr / yr,5s vs 4 Hrs,Micro-annulus mistaken for complete cement bond; shoe passes bad test.,Ultrasonic acoustic impedance cement map analyzer detecting gas seams.,,,,,
G5,G,5,p07,Well Integrity & Casing Design Engineer,DRILLING & WELLS,StressCheck / CasingSeat / iCem,Production Wellhead Christmas Tree & Surface Choke,Production Casing Connection Fatigue,baseline,18,₹18 Cr / yr,2s vs 1 Hr,Premium thread connection dope torque exceeded; galling causes gas leakage.,Make-up torque-turn graph evaluator certifying API connection seal engagement.,,,,,
G6,G,6,p07,Well Integrity & Casing Design Engineer,DRILLING & WELLS,StressCheck / CasingSeat / iCem,Production Wellhead Christmas Tree & Surface Choke,Casing Wear Depth Modeling from Drillstring,friction,24,₹24 Cr / yr,6s vs 5 Hrs,Hardfaced tool joints grind deep groove in dogleg; burst margin halved.,Cumulative casing wear simulator tracking rotating hours and contact side-forces.,,,,,
G7,G,7,p07,Well Integrity & Casing Design Engineer,DRILLING & WELLS,StressCheck / CasingSeat / iCem,Production Wellhead Christmas Tree & Surface Choke,Sustained Casing Pressure (SCP) Bleed-Off,critical,55,₹55 Cr / yr,3s vs 3 Days,Field operator bleeds casing pressure without tracking recharge rate; misses leak.,Diagnostic bleed-off and pressure buildup agent classifying thermal vs true leak.,,,,,
G8,G,8,p07,Well Integrity & Casing Design Engineer,DRILLING & WELLS,StressCheck / CasingSeat / iCem,Production Wellhead Christmas Tree & Surface Choke,Free-Point Indicator & Pipe Back-Off Modeling,baseline,20,₹20 Cr / yr,3s vs 2 Hrs,Stretch calculations for stuck casing miscalculate free-point; wrong joint cut.,Hookload stretch-coefficient solver determining exact depth of stuck casing point.,,,,,
G9,G,9,p07,Well Integrity & Casing Design Engineer,DRILLING & WELLS,StressCheck / CasingSeat / iCem,Production Wellhead Christmas Tree & Surface Choke,Deepwater Wellhead Fatigue from Riser Motion,critical,90,₹90 Cr / yr,10s vs 2 Days,Ocean vortex-induced vibration cycles crack subsea wellhead housing weld.,Dynamic riser-wellhead structural fatigue life accumulator tracking cyclic stresses.,,,,,
G10,G,10,p07,Well Integrity & Casing Design Engineer,DRILLING & WELLS,StressCheck / CasingSeat / iCem,Production Wellhead Christmas Tree & Surface Choke,Casing Corrosion & Wall Metal Loss QC,friction,22,₹22 Cr / yr,8s vs 1 Day,Electromagnetic thickness tool logs evaluated manually pipe by pipe.,Multi-frequency electromagnetic flux leakage analyzer mapping internal/external pits.,,,,,
G11,G,11,p07,Well Integrity & Casing Design Engineer,DRILLING & WELLS,StressCheck / CasingSeat / iCem,Production Wellhead Christmas Tree & Surface Choke,Cement Hydration Exotherm & Thickening Time,baseline,40,₹40 Cr / yr,4s vs 3 Hrs,Slurry sets prematurely inside casing during pump stoppage; ₹40 Cr drillout.,Cement hydration kinetics engine validating thickening time safety margins.,,,,,
G12,G,12,p07,Well Integrity & Casing Design Engineer,DRILLING & WELLS,StressCheck / CasingSeat / iCem,Production Wellhead Christmas Tree & Surface Choke,Hydrostatic Test Pressure & Hold Verification,baseline,15,₹15 Cr / yr,2s vs 1 Hr,Thermal cooling during 15-minute pressure test misinterpreted as mechanical leak.,Temperature-compensated pressure decay validator certifying API casing integrity.,,,,,
G13,G,13,p07,Well Integrity & Casing Design Engineer,DRILLING & WELLS,StressCheck / CasingSeat / iCem,Production Wellhead Christmas Tree & Surface Choke,Tubing Movement & Thermal Buckling (PBR),baseline,18,₹18 Cr / yr,3s vs 2 Hrs,Piston, helical buckling, and ballooning forces unseat polished bore receptacle.,Lubinski tubing stress solver calculating net packer seal bore travel and loads.,,,,,
G14,G,14,p07,Well Integrity & Casing Design Engineer,DRILLING & WELLS,StressCheck / CasingSeat / iCem,Production Wellhead Christmas Tree & Surface Choke,Expandable Liner Hanger Expansion Pressure,baseline,20,₹20 Cr / yr,2s vs 1 Hr,Expansion dart pressure profile irregular; liner slips downhole during cementing.,Liner hanger hydraulic expansion telemetry inspector confirming metal-to-metal seal.,,,,,
G15,G,15,p07,Well Integrity & Casing Design Engineer,DRILLING & WELLS,StressCheck / CasingSeat / iCem,Production Wellhead Christmas Tree & Surface Choke,Plug & Abandonment Environmental Barrier Audit,baseline,16,₹16 Cr / yr,4s vs 2 Days,Cross-sectional rock-to-rock cement barrier placement verification missed.,DGMS/OISD regulatory barrier ledger certifying dual mechanical & cement plugs.,,,,,
H1,H,1,p08,Reservoir Simulation Engineer,RESERVOIR & PRODUCTION,Eclipse / CMG / tNavigator,Deep Downhole Electrical Submersible Pump (ESP),Multi-Well History Matching Parameter Tuning,friction,35,₹35 Cr / yr,45s vs 6 Mos,6 months spent manually tweaking relative perm endpoints to match watercut.,Ensemble Kalman Filter automated history matching agent matching 50 wells in hours.,,,,,
H2,H,2,p08,Reservoir Simulation Engineer,RESERVOIR & PRODUCTION,Eclipse / CMG / tNavigator,Deep Downhole Electrical Submersible Pump (ESP),Equation-of-State (EOS) PVT Phase Match,baseline,18,₹18 Cr / yr,6s vs 1 Day,Peng-Robinson cubic EOS constants adjusted manually; mispredicts dewpoint.,Regression-based PVT solver tuning volume-shift and binary interaction coefficients.,,,,,
H3,H,3,p08,Reservoir Simulation Engineer,RESERVOIR & PRODUCTION,Eclipse / CMG / tNavigator,Deep Downhole Electrical Submersible Pump (ESP),Material Balance Compartment Tank Modeling,baseline,16,₹16 Cr / yr,4s vs 3 Hrs,Aquifer influx strength and gas in place uncoupled from pressure drops.,Havlena-Odeh material balance solver identifying reservoir compartment boundaries.,,,,,
H4,H,4,p08,Reservoir Simulation Engineer,RESERVOIR & PRODUCTION,Eclipse / CMG / tNavigator,Deep Downhole Electrical Submersible Pump (ESP),Capillary Pressure End-Point Scaling (Swc),baseline,14,₹14 Cr / yr,3s vs 2 Hrs,J-function upscaling introduces artificial water movement across low-perm blocks.,Leverett J-function saturation height function scaler generating clean tables.,,,,,
H5,H,5,p08,Reservoir Simulation Engineer,RESERVOIR & PRODUCTION,Eclipse / CMG / tNavigator,Deep Downhole Electrical Submersible Pump (ESP),Production Forecasting P10/P50/P90 Profiles,baseline,22,₹22 Cr / yr,25s vs 4 Wks,Manual deck runs across reservoir realizations take 4 weeks; delayed asset budget.,Cloud-distributed simulation orchestrator generating certified probabilistic EUR.,,,,,
H6,H,6,p08,Reservoir Simulation Engineer,RESERVOIR & PRODUCTION,Eclipse / CMG / tNavigator,Deep Downhole Electrical Submersible Pump (ESP),Waterflood Sweep & Coning Breakthrough Guard,critical,65,₹65 Cr / yr,8s vs 2 Days,Rapid producer water breakthrough due to high mobility ratio; 40% bypassed oil.,Fractional flow Buckley-Leverett frontline tracer calculating optimal injection.,,,,,
H7,H,7,p08,Reservoir Simulation Engineer,RESERVOIR & PRODUCTION,Eclipse / CMG / tNavigator,Deep Downhole Electrical Submersible Pump (ESP),Infill Well Location Optimization Algorithm,friction,30,₹30 Cr / yr,35s vs 1 Wk,Engineers guess coordinate locations for next 10 infill wells; miss sweetspots.,Particle swarm optimization agent maximizing NPV across drain regions.,,,,,
H8,H,8,p08,Reservoir Simulation Engineer,RESERVOIR & PRODUCTION,Eclipse / CMG / tNavigator,Deep Downhole Electrical Submersible Pump (ESP),Bottom-Hole Flowing Pressure History Match,critical,45,₹45 Cr / yr,5s vs 1 Day,Well model uses gauge pressure without fluid gradient correction; false water influx.,Dynamic downhole hydrostatic gradient compensator matching true datum pressures.,,,,,
H9,H,9,p08,Reservoir Simulation Engineer,RESERVOIR & PRODUCTION,Eclipse / CMG / tNavigator,Deep Downhole Electrical Submersible Pump (ESP),Polymer / Chemical EOR Viscosity Degradation,baseline,15,₹15 Cr / yr,6s vs 4 Hrs,Polymer shear thinning parameters uncalibrated to core-flood tests.,Carreau-Yasuda non-Newtonian polymer viscosity simulator tracking degradation.,,,,,
H10,H,10,p08,Reservoir Simulation Engineer,RESERVOIR & PRODUCTION,Eclipse / CMG / tNavigator,Deep Downhole Electrical Submersible Pump (ESP),Pressure Transient Well Test Derivative Match,friction,20,₹20 Cr / yr,7s vs 5 Hrs,Bourdet pressure derivative diagnostic curves picked by eye; misses boundary.,Non-linear regression pressure derivative solver identifying dual-porosity.,,,,,
H11,H,11,p08,Reservoir Simulation Engineer,RESERVOIR & PRODUCTION,Eclipse / CMG / tNavigator,Deep Downhole Electrical Submersible Pump (ESP),Non-Darcy Gas Forchheimer Flow Factor,baseline,16,₹16 Cr / yr,4s vs 2 Hrs,High-velocity turbulence near wellbore omitted; overestimates deep gas deliverability.,Forchheimer beta turbulence factor solver adjusting near-wellbore skin.,,,,,
H12,H,12,p08,Reservoir Simulation Engineer,RESERVOIR & PRODUCTION,Eclipse / CMG / tNavigator,Deep Downhole Electrical Submersible Pump (ESP),Grid Block Pinchout & Transmissibility Multiplier,baseline,14,₹14 Cr / yr,3s vs 2 Hrs,Low-throw faults entered without fault multipliers; dry zone predicted.,Transmissibility multiplier generator computing membrane fault permeability.,,,,,
H13,H,13,p08,Reservoir Simulation Engineer,RESERVOIR & PRODUCTION,Eclipse / CMG / tNavigator,Deep Downhole Electrical Submersible Pump (ESP),Gas Cap Blowout & Gas-Oil Ratio Runaway,critical,75,₹75 Cr / yr,6s vs 1 Day,Gas cap expansion cones into perforations; reservoir pressure collapses prematurely.,Critical rate coning solver calculating Chierici-Crichlow maximum oil production rate.,,,,,
H14,H,14,p08,Reservoir Simulation Engineer,RESERVOIR & PRODUCTION,Eclipse / CMG / tNavigator,Deep Downhole Electrical Submersible Pump (ESP),CO2 Sequestration & Trapping Model,baseline,12,₹12 Cr / yr,8s vs 4 Hrs,Supercritical CO2 solubility in formation brine omitted; underestimates storage.,Extended Peng-Robinson geochemical solubility model computing mineral trapping.,,,,,
H15,H,15,p08,Reservoir Simulation Engineer,RESERVOIR & PRODUCTION,Eclipse / CMG / tNavigator,Deep Downhole Electrical Submersible Pump (ESP),Dynamic Simulation Keyword Deck QC,friction,18,₹18 Cr / yr,2s vs 12 Hrs,Syntax error in .DATA file crashes 12-hour simulation job at 95% completion.,Pre-flight Eclipse deck syntax validator checking grid-table compatibility.,,,,,
I1,I,1,p09,Production & Artificial Lift Technologist,RESERVOIR & PRODUCTION,Prosper / GAP / PIPESIM,High-Pressure Gathering Manifold & Loop Lines,Nodal Analysis Choke Bean Size Optimization,friction,25,₹25 Cr / yr,2s vs 90 Mins,90-minute nodal analysis delay; choke set too open, inducing sand influx.,Real-time IPR-VLP nodal calculation engine adjusting choke bean sizes automatically.,,,,,
I2,I,2,p09,Production & Artificial Lift Technologist,RESERVOIR & PRODUCTION,Prosper / GAP / PIPESIM,High-Pressure Gathering Manifold & Loop Lines,Electrical Submersible Pump (ESP) Gas-Lock Guard,critical,80,₹80 Cr / yr,0.2s vs Motor Burn,GOR spike causes gas bubble cavitation in pump stages; burns out ₹3 Cr ESP motor.,High-frequency motor current & intake pressure sentinel calculating downhole gas fraction.,esp_gas_lock_sentinel,projects/og-enterprise-prod/locations/us-central1/agents/esp_gas_lock_sentinel,Planned Wave 1,esp-guard@og-enterprise-prod.iam.gserviceaccount.com,Google ADK + High-Frequency Telemetry
I3,I,3,p09,Production & Artificial Lift Technologist,RESERVOIR & PRODUCTION,Prosper / GAP / PIPESIM,High-Pressure Gathering Manifold & Loop Lines,Continuous Gas Lift Injection Rate Optimization,friction,30,₹30 Cr / yr,5s vs 1 Day,Gas lift gas distributed evenly across wells; starves high-productivity producers.,Equal-marginal production gas-lift allocator maximizing total field oil production.,,,,,
I4,I,4,p09,Production & Artificial Lift Technologist,RESERVOIR & PRODUCTION,Prosper / GAP / PIPESIM,High-Pressure Gathering Manifold & Loop Lines,Critical Gas Velocity Liquid Loading (vcr),critical,65,₹65 Cr / yr,1s vs Dead Well,Gas well drops below Turner droplet velocity; well loads with water and dies completely.,Real-time Turner/Coleman liquid loading monitor triggering velocity string unloading.,,,,,
I5,I,5,p09,Production & Artificial Lift Technologist,RESERVOIR & PRODUCTION,Prosper / GAP / PIPESIM,High-Pressure Gathering Manifold & Loop Lines,Production Allocation Meter Factor Reconciliation,friction,22,₹22 Cr / yr,4s vs 3 Days,Multi-phase flow meter calibration drift causes allocation disputes between blocks.,Mass-balanced multi-phase allocation agent reconciling well test data vs tank dips.,,,,,
I6,I,6,p09,Production & Artificial Lift Technologist,RESERVOIR & PRODUCTION,Prosper / GAP / PIPESIM,High-Pressure Gathering Manifold & Loop Lines,Wax & Asphaltene Deposition Cloud Point Guard,critical,70,₹70 Cr / yr,3s vs 6 Hrs,Wellhead temperature drops below wax appearance temp; flowline plugs solid.,Thermodynamic wax precipitation simulator adjusting chemical pour-point depressants.,,,,,
I7,I,7,p09,Production & Artificial Lift Technologist,RESERVOIR & PRODUCTION,Prosper / GAP / PIPESIM,High-Pressure Gathering Manifold & Loop Lines,Sucker Rod Pumping Dynacard Pattern Diagnostics,baseline,18,₹18 Cr / yr,1s vs 2 Hrs,Fluid pound and gas interference dynacards classified manually from paper printouts.,Computer-vision surface & downhole pump dynacard classifier detecting pump tag.,,,,,
I8,I,8,p09,Production & Artificial Lift Technologist,RESERVOIR & PRODUCTION,Prosper / GAP / PIPESIM,High-Pressure Gathering Manifold & Loop Lines,Inflow Performance Relationship (Vogel/Darcy),baseline,15,₹15 Cr / yr,2s vs 1 Hr,Multi-rate well test points fitted with linear model below bubble point; pay missed.,Vogel & composite IPR solver calculating true maximum theoretical potential (AOF).,,,,,
I9,I,9,p09,Production & Artificial Lift Technologist,RESERVOIR & PRODUCTION,Prosper / GAP / PIPESIM,High-Pressure Gathering Manifold & Loop Lines,Sand Production Acoustic Rate Threshold,critical,85,₹85 Cr / yr,0.5s vs Manifold Rupture,Ultrasonic sand detectors alarm ignored; sand cut erodes choke manifold, causing blowout.,Real-time erosion velocity sentinel limiting drawdown to critical sand-free rate.,,,,,
I10,I,10,p09,Production & Artificial Lift Technologist,RESERVOIR & PRODUCTION,Prosper / GAP / PIPESIM,High-Pressure Gathering Manifold & Loop Lines,Progressive Cavity Pump (PCP) Elastomer Swell,baseline,16,₹16 Cr / yr,3s vs 2 Hrs,High aromatics in heavy crude swells stator elastomer; pump seizures in heavy oil.,Elastomer-fluid chemical compatibility model tracking rotor torque and temperature rise.,,,,,
I11,I,11,p09,Production & Artificial Lift Technologist,RESERVOIR & PRODUCTION,Prosper / GAP / PIPESIM,High-Pressure Gathering Manifold & Loop Lines,Subsurface Safety Valve (SSSV) Leak-Rate Test,baseline,14,₹14 Cr / yr,2s vs 1 Day,Pressure buildup behind closed SSSV manually verified every 6 months for OISD.,Automated SSSV leak-rate calculation engine certifying zero-leak isolation to DGMS ledger.,,,,,
I12,I,12,p09,Production & Artificial Lift Technologist,RESERVOIR & PRODUCTION,Prosper / GAP / PIPESIM,High-Pressure Gathering Manifold & Loop Lines,Emulsion Viscosity Inversion & Water Cut Spike,friction,20,₹20 Cr / yr,3s vs 4 Hrs,Tight water-in-oil emulsion creates 10x pressure drop; field backpressure spikes.,Inversion point emulsion rheology model adjusting demulsifier surfactant dosing rates.,,,,,
I13,I,13,p09,Production & Artificial Lift Technologist,RESERVOIR & PRODUCTION,Prosper / GAP / PIPESIM,High-Pressure Gathering Manifold & Loop Lines,Wellhead Christmas Tree Valve Greasing & Stroke,baseline,12,₹12 Cr / yr,2s vs Manual Board,Master and wing gate valve stroke counts and torque thresholds tracked on whiteboards.,Automated valve cycle counter & actuator torque trend monitor warning of gate seizure.,,,,,
I14,I,14,p09,Production & Artificial Lift Technologist,RESERVOIR & PRODUCTION,Prosper / GAP / PIPESIM,High-Pressure Gathering Manifold & Loop Lines,Multi-Well Network Backpressure Interaction,friction,28,₹28 Cr / yr,8s vs 6 Hrs,Bringing Well A-14 online increases manifold pressure, shutting in marginal Wells.,Global network flow simulator balancing backpressures across manifold loops.,,,,,
I15,I,15,p09,Production & Artificial Lift Technologist,RESERVOIR & PRODUCTION,Prosper / GAP / PIPESIM,High-Pressure Gathering Manifold & Loop Lines,Virtual Flow Metering (VFM) Fallback Estimation,baseline,19,₹19 Cr / yr,1s vs 3 Wks,Hardware MPFM meter fails; well flows unmonitored for weeks without production data.,Physics-based VFM estimator calculating oil/gas/water rates from choke and wellhead PT.,,,,,
J1,J,1,p10,Lead Petrophysicist,SUBSURFACE GEOSCIENCES,Techlog / IP / Geolog,Offshore Production Separation Platform,Pickett Plot Archie Rw Calculation,baseline,14,₹14 Cr / yr,2s vs 1 Hr,Eyeballing formation water resistivity line across variable salinities.,Deterministic iterative Archie solver with automated temperature normalization.,,,,,
J2,J,2,p10,Lead Petrophysicist,SUBSURFACE GEOSCIENCES,Techlog / IP / Geolog,Offshore Production Separation Platform,Spectral Gamma Ray Clay Volume (Vsh),friction,20,₹20 Cr / yr,3s vs 2 Hrs,Thorium/Potassium deconvolution done manually; clay swelling risk misjudged.,Spectral GR deconvolution agent isolating illite/smectite swelling clay fractions.,,,,,
J3,J,3,p10,Lead Petrophysicist,SUBSURFACE GEOSCIENCES,Techlog / IP / Geolog,Offshore Production Separation Platform,Core-to-Log Porosity Depth Calibration,friction,22,₹22 Cr / yr,4s vs 4 Hrs,Routine core analysis plugs shifted by eye to match density-neutron logs.,Non-linear depth-warping agent maximizing cross-correlation with lab core plugs.,,,,,
J4,J,4,p10,Lead Petrophysicist,SUBSURFACE GEOSCIENCES,Techlog / IP / Geolog,Offshore Production Separation Platform,Dual-Water & Waxman-Smits Shaly Sand Eval,baseline,16,₹16 Cr / yr,3s vs 1 Hr,Cation exchange capacity approximations causing overestimation of water cut.,Deterministic shaly-sand solver running bound-water saturation models.,,,,,
J5,J,5,p10,Lead Petrophysicist,SUBSURFACE GEOSCIENCES,Techlog / IP / Geolog,Offshore Production Separation Platform,Shear-Sonic (Vs) Waveform Dispersion QC,critical,50,₹50 Cr / yr,5s vs 1 Day,Mud filtrate invasion masks true shear arrival; rock mechanics model distorted.,Automated acoustic waveform dispersion filter with dipole shear arrival extraction.,,,,,
J6,J,6,p10,Lead Petrophysicist,SUBSURFACE GEOSCIENCES,Techlog / IP / Geolog,Offshore Production Separation Platform,Formation Micro-Scanner (FMI) Image Dip QC,friction,26,₹26 Cr / yr,12s vs 2 Days,Manual picking of sinusoidal fracture dips takes 2 days; misses micro-faults.,Computer-vision fracture extraction agent calculating true stratigraphic dip/azimuth.,,,,,
J7,J,7,p10,Lead Petrophysicist,SUBSURFACE GEOSCIENCES,Techlog / IP / Geolog,Offshore Production Separation Platform,Capillary Pressure (J-Function) Saturation,baseline,15,₹15 Cr / yr,3s vs 2 Hrs,Leverett J-function normalization curves calculated in disconnected spreadsheets.,Centrally governed capillary pressure curve normalizer linked directly to reservoir grid.,,,,,
J8,J,8,p10,Lead Petrophysicist,SUBSURFACE GEOSCIENCES,Techlog / IP / Geolog,Offshore Production Separation Platform,Multi-Pass Wireline Curve Splicing,plugged,45,₹45 Cr / yr,3.2s vs 2.5 Hrs,1–2 hr manual shifting; cable stretch error (+1.48m shift) risks placing casing shoe into gas sand.,SciPy Splicing Agent (Slide 06): 3.2s execution, 2.9cm error, r=0.9899, automated sanity audit.,depth_match_splice_agent,projects/og-enterprise-prod/locations/us-central1/agents/depth_match_splice_agent,Production (Slide 06 Proven),splice-agent@og-enterprise-prod.iam.gserviceaccount.com,Google ADK + SciPy
J9,J,9,p10,Lead Petrophysicist,SUBSURFACE GEOSCIENCES,Techlog / IP / Geolog,Offshore Production Separation Platform,NMR T2 Cutoff Bound Fluid Volume (BVI),friction,24,₹24 Cr / yr,6s vs 3 Hrs,T2 spectral cutoff fixed at 33ms arbitrarily; underestimates tight gas perm.,Dynamic T2 spectrum inversion agent dynamically fitting cutoffs per lithofacies.,,,,,
J10,J,10,p10,Lead Petrophysicist,SUBSURFACE GEOSCIENCES,Techlog / IP / Geolog,Offshore Production Separation Platform,Thermal Neutron Capture Cross-Section,baseline,18,₹18 Cr / yr,3s vs 2 Hrs,Salinity drift across pulsed neutron logs masks remaining oil saturation.,Time-lapse sigma saturation tracker compensating for borehole fluid changeouts.,,,,,
J11,J,11,p10,Lead Petrophysicist,SUBSURFACE GEOSCIENCES,Techlog / IP / Geolog,Offshore Production Separation Platform,Dielectric Dispersion Water Salinity Solve,baseline,14,₹14 Cr / yr,4s vs 2 Hrs,Multi-frequency dielectric inversion stalled on complex matrix permittivities.,Multi-frequency dielectric dispersion solver calculating invasion salinity profile.,,,,,
J12,J,12,p10,Lead Petrophysicist,SUBSURFACE GEOSCIENCES,Techlog / IP / Geolog,Offshore Production Separation Platform,Mineral Inversion (Elemental Capture - ECS),friction,21,₹21 Cr / yr,7s vs 4 Hrs,Multi-mineral matrix linear algebra solver sensitive to missing tool yields.,Constrained linear inversion agent mapping dry mineral weights (quartz, clay, pyrite).,,,,,
J13,J,13,p10,Lead Petrophysicist,SUBSURFACE GEOSCIENCES,Techlog / IP / Geolog,Offshore Production Separation Platform,Formation Pressure Gradient & Free Water Level,critical,75,₹75 Cr / yr,5s vs 8 Hrs,MDT/RCI probe supercharging leads to wrong contact depth; dry appraisal drilled.,Supercharging pressure transient filter calculating exact true oil-water contacts (FWL).,,,,,
J14,J,14,p10,Lead Petrophysicist,SUBSURFACE GEOSCIENCES,Techlog / IP / Geolog,Offshore Production Separation Platform,Multi-Well Log Normalization (Histogram Match),friction,25,₹25 Cr / yr,8s vs 3 Wks,Legacy vendor tool calibration drift across 40 offset wells takes weeks.,Multi-well quantile histogram matching agent with sovereign baseline calibration.,,,,,
J15,J,15,p10,Lead Petrophysicist,SUBSURFACE GEOSCIENCES,Techlog / IP / Geolog,Offshore Production Separation Platform,SPWLA Compliant Composite Log Generation,baseline,12,₹12 Cr / yr,2s vs 2 Hrs,Manual track drafting, legend assembly, and export to PDF/LAS.,1-click autonomous composite log layout agent with immutable BigQuery metadata audit.,,,,,
K1,K,1,p11,Facilities & Separation Engineer,RESERVOIR & PRODUCTION,Aspen HYSYS / UniSim / Symmetry,Triethylene Glycol (TEG) Gas Contactor Tower,High-Pressure 3-Phase Separator Retention,critical,55,₹55 Cr / yr,2s vs Continuous,Oil carryover into gas line fouls compressors; water in crude fails export spec.,Stokes' law droplet settling kinetics agent managing weir interface levels in real time.,,,,,
K2,K,2,p11,Facilities & Separation Engineer,RESERVOIR & PRODUCTION,Aspen HYSYS / UniSim / Symmetry,Triethylene Glycol (TEG) Gas Contactor Tower,Triethylene Glycol (TEG) Dehydration Dewpoint,critical,65,₹65 Cr / yr,2s vs 4 Hrs,Wet gas leaves contactor (>7 lb/MMSCF); pipeline water drops out, forming solid hydrates.,Continuous water dewpoint calculator dynamically adjusting TEG circulation rate.,teg_dewpoint_sentinel,projects/og-enterprise-prod/locations/us-central1/agents/teg_dewpoint_sentinel,Planned Wave 1,teg-agent@og-enterprise-prod.iam.gserviceaccount.com,Google ADK + Flow Assurance
K3,K,3,p11,Facilities & Separation Engineer,RESERVOIR & PRODUCTION,Aspen HYSYS / UniSim / Symmetry,Triethylene Glycol (TEG) Gas Contactor Tower,Produced Water Hydrocyclone Oil-in-Water,friction,22,₹22 Cr / yr,3s vs 2 Hrs,Discharged water exceeds 29 ppm statutory limit; environmental regulatory fines imposed.,Centrifugal hydrocyclone pressure drop ratio optimizer controlling de-oiling valves.,,,,,
K4,K,4,p11,Facilities & Separation Engineer,RESERVOIR & PRODUCTION,Aspen HYSYS / UniSim / Symmetry,Triethylene Glycol (TEG) Gas Contactor Tower,Relief Valve (PSV) Fire Case Sizing Verification,baseline,18,₹18 Cr / yr,10s vs 2 Wks,API 520/521 relief load recalculation takes weeks during plant modifications.,Automated thermal relief load calculator validating flare header backpressure capacity.,,,,,
K5,K,5,p11,Facilities & Separation Engineer,RESERVOIR & PRODUCTION,Aspen HYSYS / UniSim / Symmetry,Triethylene Glycol (TEG) Gas Contactor Tower,Amine Gas Sweetening (H2S/CO2) Loading Calc,critical,70,₹70 Cr / yr,4s vs 3 Hrs,Over-rich amine causes severe column corrosion and H2S slip into sales gas.,Acid gas absorption kinetics solver balancing MDEA/MEA circulation to sales gas spec.,,,,,
K6,K,6,p11,Facilities & Separation Engineer,RESERVOIR & PRODUCTION,Aspen HYSYS / UniSim / Symmetry,Triethylene Glycol (TEG) Gas Contactor Tower,Flare Knockout Drum Liquid Slugging Defense,critical,95,₹95 Cr / yr,0.2s vs Flare Fire,Liquid carryover into flare stack shoots burning rain over offshore platform.,Flare drum high-high level interception sentinel calculating vapor disengagement.,flare_knockout_sentinel,projects/og-enterprise-prod/locations/us-central1/agents/flare_knockout_sentinel,Planned Wave 1,flare-guard@og-enterprise-prod.iam.gserviceaccount.com,Google ADK + Safety Interlocks
K7,K,7,p11,Facilities & Separation Engineer,RESERVOIR & PRODUCTION,Aspen HYSYS / UniSim / Symmetry,Triethylene Glycol (TEG) Gas Contactor Tower,Centrifugal Compressor Anti-Surge Loop Control,critical,80,₹80 Cr / yr,0.05s vs Trip,Gas flow drops below surge line; mechanical surge destroys compressor impellers.,High-speed anti-surge valve controller tracking proximity to surge line in milliseconds.,,,,,
K8,K,8,p11,Facilities & Separation Engineer,RESERVOIR & PRODUCTION,Aspen HYSYS / UniSim / Symmetry,Triethylene Glycol (TEG) Gas Contactor Tower,Molecular Sieve Adsorption Dehydration Cycle,baseline,20,₹20 Cr / yr,4s vs 2 Hrs,Bed breakthrough occurs before scheduled regen; moisture enters cryogenic NGL plant.,Breakthrough mass-transfer zone tracker predicting exact bed saturation time.,,,,,
K9,K,9,p11,Facilities & Separation Engineer,RESERVOIR & PRODUCTION,Aspen HYSYS / UniSim / Symmetry,Triethylene Glycol (TEG) Gas Contactor Tower,Fuel Gas Conditioning Superheat Temperature,baseline,25,₹25 Cr / yr,1s vs Turbine Trip,Gas turbine fuel gas drops below hydrocarbon dewpoint; liquid trips turbine.,Hydrocarbon dewpoint tracking sentinel maintaining minimum 28°C superheat margin.,,,,,
K10,K,10,p11,Facilities & Separation Engineer,RESERVOIR & PRODUCTION,Aspen HYSYS / UniSim / Symmetry,Triethylene Glycol (TEG) Gas Contactor Tower,Heat Exchanger Train Thermal Fouling Factor,friction,28,₹28 Cr / yr,6s vs 1 Day,Wax/asphaltene fouling on crude preheat exchangers wastes ₹12 Cr in fuel gas annually.,Overall heat transfer coefficient degradation agent predicting cleaning schedules.,,,,,
K11,K,11,p11,Facilities & Separation Engineer,RESERVOIR & PRODUCTION,Aspen HYSYS / UniSim / Symmetry,Triethylene Glycol (TEG) Gas Contactor Tower,Produced Gas Re-Injection Compressor Balance,baseline,19,₹19 Cr / yr,2s vs 1 Hr,High-pressure gas injection compressor stages unbalanced; interstage pressure trips unit.,Polytropic efficiency & compression ratio balancer distributing compression load.,,,,,
K12,K,12,p11,Facilities & Separation Engineer,RESERVOIR & PRODUCTION,Aspen HYSYS / UniSim / Symmetry,Triethylene Glycol (TEG) Gas Contactor Tower,Hydrocarbon Condensate Stabilization Column,baseline,16,₹16 Cr / yr,3s vs 2 Hrs,Reid Vapor Pressure exceeds 9 psia; condensate flashes and boils in storage tanks.,RVP stabilizer tower reboiler duty optimizer producing on-spec stabilized condensate.,,,,,
K13,K,13,p11,Facilities & Separation Engineer,RESERVOIR & PRODUCTION,Aspen HYSYS / UniSim / Symmetry,Triethylene Glycol (TEG) Gas Contactor Tower,Instrument Air Membrane Dryer Dewpoint,baseline,15,₹15 Cr / yr,2s vs 1 Hr,Water in instrument air lines freezes pneumatic actuator valves during winter freeze.,Desiccant dryer switching optimizer validating -40°C atmospheric dewpoint.,,,,,
K14,K,14,p11,Facilities & Separation Engineer,RESERVOIR & PRODUCTION,Aspen HYSYS / UniSim / Symmetry,Triethylene Glycol (TEG) Gas Contactor Tower,Chemical Injection Skid Dosing Rate Verification,friction,24,₹24 Cr / yr,4s vs 3 Hrs,Corrosion inhibitor pumps underdose; unnoticed wall thinning eats manifold.,Mass-flow corrosion inhibitor consumption tracker linked to real-time iron count logs.,,,,,
K15,K,15,p11,Facilities & Separation Engineer,RESERVOIR & PRODUCTION,Aspen HYSYS / UniSim / Symmetry,Triethylene Glycol (TEG) Gas Contactor Tower,Platform Energy Intensity & Carbon Flare Balance,baseline,14,₹14 Cr / yr,3s vs 1 Mo,Fuel gas and flaring emissions tallied manually on spreadsheets for annual ESG filing.,Automated energy efficiency & greenhouse gas accounting ledger logged to BigQuery.,,,,,
L1,L,1,p12,Flow Assurance & Hydrate Specialist,RESERVOIR & PRODUCTION,OLGA / LedaFlow / Multiflash,Subsea Insulated Deepwater Flowline & Riser,Subsea Flowline Hydrate Dissociation Curve,critical,85,₹85 Cr / yr,2s vs 4 Hrs,Shutdown cooling drops fluid into hydrate zone; solid ice plug seals pipeline.,Hydrate equilibrium curve tracking agent calculating exact MEG dose.,hydrate_prevention_agent,projects/og-enterprise-prod/locations/us-central1/agents/hydrate_prevention_agent,Planned Wave 1,hydrate-sentinel@og-enterprise-prod.iam.gserviceaccount.com,Google ADK + Multiphase Physics
L2,L,2,p12,Flow Assurance & Hydrate Specialist,RESERVOIR & PRODUCTION,OLGA / LedaFlow / Multiflash,Subsea Insulated Deepwater Flowline & Riser,Severe Hydrodynamic Terrain Slugging Intercept,critical,90,₹90 Cr / yr,0.5s vs Trip,Massive liquid slug surges into platform separator, tripping offshore field.,Transient slug-tracking sentinel adjusting subsea choke before slug reaches riser.,slug_catcher_choke_sentinel,projects/og-enterprise-prod/locations/us-central1/agents/slug_catcher_choke_sentinel,Planned Wave 1,slug-sentinel@og-enterprise-prod.iam.gserviceaccount.com,Google ADK + Transient Hydraulics
L3,L,3,p12,Flow Assurance & Hydrate Specialist,RESERVOIR & PRODUCTION,OLGA / LedaFlow / Multiflash,Subsea Insulated Deepwater Flowline & Riser,Depressurization Low-Temperature Embrittlement,critical,75,₹75 Cr / yr,4s vs 8 Hrs,Joule-Thomson cooling drops pipe to -50°C; pipe shatters under stress.,Isentropic expansion temperature profiler validating minimum metal design temp.,,,,,
L4,L,4,p12,Flow Assurance & Hydrate Specialist,RESERVOIR & PRODUCTION,OLGA / LedaFlow / Multiflash,Subsea Insulated Deepwater Flowline & Riser,Wax Deposition Thickness Profile Modeling,friction,26,₹26 Cr / yr,8s vs 2 Days,Wax layer builds up to 15mm; pipeline pig gets stuck midway, halting export.,Molecular diffusion wax deposition simulator determining exact pigging frequencies.,,,,,
L5,L,5,p12,Flow Assurance & Hydrate Specialist,RESERVOIR & PRODUCTION,OLGA / LedaFlow / Multiflash,Subsea Insulated Deepwater Flowline & Riser,Export Pipeline Ramp-Up Severe Surge Prediction,baseline,18,₹18 Cr / yr,5s vs 3 Hrs,Opening wells too fast pushes accumulated liquid inventory over riser tops.,Step-by-step transient ramp-up scheduler calculating maximum safe choke increments.,,,,,
L6,L,6,p12,Flow Assurance & Hydrate Specialist,RESERVOIR & PRODUCTION,OLGA / LedaFlow / Multiflash,Subsea Insulated Deepwater Flowline & Riser,MEG/Methanol Anti-Freeze Inhibitor Dosing,baseline,16,₹16 Cr / yr,2s vs 1 Hr,Overdosing thermodynamic inhibitor wastes ₹8 Cr chemicals; underdosing plugs line.,Hammerschmidt equation dosage calculator optimizing inhibitor injection rates.,,,,,
L7,L,7,p12,Flow Assurance & Hydrate Specialist,RESERVOIR & PRODUCTION,OLGA / LedaFlow / Multiflash,Subsea Insulated Deepwater Flowline & Riser,Pipeline Pigging Arrival Surge Size,baseline,20,₹20 Cr / yr,6s vs 4 Hrs,Pig pushes giant liquid plug ahead; slug catcher liquid capacity overflows.,Pigging transient liquid sweep volume simulator calculating pig transit speed.,,,,,
L8,L,8,p12,Flow Assurance & Hydrate Specialist,RESERVOIR & PRODUCTION,OLGA / LedaFlow / Multiflash,Subsea Insulated Deepwater Flowline & Riser,Asphaltene Onset Pressure (AOP) Precipitation,critical,70,₹70 Cr / yr,4s vs 1 Day,Reservoir fluid depressurizes below AOP; insoluble asphaltene tar blocks tubing.,De Boer plot & CPA EOS agent tracking near-wellbore AOP margin.,,,,,
L9,L,9,p12,Flow Assurance & Hydrate Specialist,RESERVOIR & PRODUCTION,OLGA / LedaFlow / Multiflash,Subsea Insulated Deepwater Flowline & Riser,Emulsion Rheology Effective Viscosity Profile,baseline,15,₹15 Cr / yr,3s vs 2 Hrs,High-viscosity emulsion wave stalls booster pumps in cold seabed export lines.,Pal & Rhodes emulsion inversion viscosity profiler updating friction loss.,,,,,
L10,L,10,p12,Flow Assurance & Hydrate Specialist,RESERVOIR & PRODUCTION,OLGA / LedaFlow / Multiflash,Subsea Insulated Deepwater Flowline & Riser,Multiphase Flowline Co-Current Flow Regime QC,baseline,14,₹14 Cr / yr,2s vs 1 Hr,Flow regime transitions from stratified to annular mist; causes pipe wall erosion.,Taitel-Dukler mechanistic flow regime map validator tracking superficial velocities.,,,,,
L11,L,11,p12,Flow Assurance & Hydrate Specialist,RESERVOIR & PRODUCTION,OLGA / LedaFlow / Multiflash,Subsea Insulated Deepwater Flowline & Riser,Subsea Deadleg Cooldown Time (No-Touch Window),critical,80,₹80 Cr / yr,1s vs 6 Hrs,Production shutdown gives 6-hour cooldown window before hydrates; crew exceeds limit.,Real-time transient thermal cooldown clock warning operators of hydrate deadline.,,,,,
L12,L,12,p12,Flow Assurance & Hydrate Specialist,RESERVOIR & PRODUCTION,OLGA / LedaFlow / Multiflash,Subsea Insulated Deepwater Flowline & Riser,MEG Regeneration & Salt Reclamation System,friction,22,₹22 Cr / yr,4s vs 3 Hrs,Divalent salt scaling foul boiling tubes in vacuum reclamation column.,Salt solubility limits calculator adjusting neutralization dosing in MEG boiler.,,,,,
L13,L,13,p12,Flow Assurance & Hydrate Specialist,RESERVOIR & PRODUCTION,OLGA / LedaFlow / Multiflash,Subsea Insulated Deepwater Flowline & Riser,Top-of-Line Corrosion (TLC) Condensation Rate,baseline,18,₹18 Cr / yr,5s vs 2 Hrs,Organic acid and wet gas condense on pipe ceiling where inhibitor cannot reach.,De Waard top-of-line water condensation rate simulator calculating localized loss.,,,,,
L14,L,14,p12,Flow Assurance & Hydrate Specialist,RESERVOIR & PRODUCTION,OLGA / LedaFlow / Multiflash,Subsea Insulated Deepwater Flowline & Riser,Pipeline Leak Acoustic Wave Velocity Model,baseline,25,₹25 Cr / yr,2s vs 1 Hr,Gas-liquid composition changes shift speed of sound; acoustic locator misses by 5km.,Multi-phase sound speed calculator recalibrating acoustic leak detection telemetry.,,,,,
L15,L,15,p12,Flow Assurance & Hydrate Specialist,RESERVOIR & PRODUCTION,OLGA / LedaFlow / Multiflash,Subsea Insulated Deepwater Flowline & Riser,Flow Assurance Operating Philosophy Compliance,baseline,16,₹16 Cr / yr,3s vs Manual Check,Operating procedures for start-up/shutdown buried in 600-page static reports.,Operational constraint verification agent checking live DCS commands against limits.,,,,,
M1,M,1,p13,Gas Pipeline Grid Dispatcher,MIDSTREAM TRANSMISSION,SPS / PipelineStudio / Simone,National Gas Grid 48-Inch Trunkline & Compressors,Real-Time Mass-Balance Leak Detection,critical,75,₹75 Cr / yr,1.2s vs 4 Hrs,SCADA noise masks 1.2% volumetric drop over 40 km; hazardous leak unflagged.,High-frequency transient mass-balance & negative pressure wave acoustic sentinel.,pipeline_leak_sentinel,projects/og-enterprise-prod/locations/us-central1/agents/pipeline_leak_sentinel,Planned Wave 1,pipeline-sentinel@og-enterprise-prod.iam.gserviceaccount.com,Google ADK + Acoustic Telemetry
M2,M,2,p13,Gas Pipeline Grid Dispatcher,MIDSTREAM TRANSMISSION,SPS / PipelineStudio / Simone,National Gas Grid 48-Inch Trunkline & Compressors,Hydraulic Linepack Volume Inventory Balance,friction,28,₹28 Cr / yr,6s vs 3 Hrs,Sudden cold-snap demand draws down pipeline pressure below city gate minimums.,Dynamic transient linepack inventory predictor forecasting pack/draft balance 12 hrs ahead.,,,,,
M3,M,3,p13,Gas Pipeline Grid Dispatcher,MIDSTREAM TRANSMISSION,SPS / PipelineStudio / Simone,National Gas Grid 48-Inch Trunkline & Compressors,Compressor Station Power & Fuel Dispatch,friction,35,₹35 Cr / yr,10s vs 6 Hrs,Running inefficient turbine compressors across grid wastes ₹25 Cr fuel gas monthly.,Non-linear grid optimization agent routing gas through highest-efficiency compressor units.,,,,,
M4,M,4,p13,Gas Pipeline Grid Dispatcher,MIDSTREAM TRANSMISSION,SPS / PipelineStudio / Simone,National Gas Grid 48-Inch Trunkline & Compressors,Gas Quality Hydrocarbon Dewpoint Enforcement,critical,50,₹50 Cr / yr,2s vs 2 Hrs,Heavy liquids condense inside transmission line; destroys meter runs.,Real-time Peng-Robinson hydrocarbon dewpoint tracker rejecting off-spec gas.,,,,,
M5,M,5,p13,Gas Pipeline Grid Dispatcher,MIDSTREAM TRANSMISSION,SPS / PipelineStudio / Simone,National Gas Grid 48-Inch Trunkline & Compressors,Custody Transfer Orifice Meter Gas Flow Calc,baseline,20,₹20 Cr / yr,1s vs 1 Day,Supercompressibility factor miscalculated; multi-crore billing dispute between operators.,AGA Report No. 3 & No. 8 detail method recalculator validating custody gas invoices.,,,,,
M6,M,6,p13,Gas Pipeline Grid Dispatcher,MIDSTREAM TRANSMISSION,SPS / PipelineStudio / Simone,National Gas Grid 48-Inch Trunkline & Compressors,Pipeline Pig Tracking & Velocity Control Loop,baseline,18,₹18 Cr / yr,2s vs 1 Hr,Cleaning pig speeds through bends at 12 m/s; damages pipe elbow and lodges in valve.,Transient hydraulic bypass flow calculator controlling downstream valves to govern speed.,,,,,
M7,M,7,p13,Gas Pipeline Grid Dispatcher,MIDSTREAM TRANSMISSION,SPS / PipelineStudio / Simone,National Gas Grid 48-Inch Trunkline & Compressors,Pipeline Wall In-Line Inspection (ILI) Anomaly,friction,24,₹24 Cr / yr,12s vs 2 Wks,MFL tool finds 2,000 corrosion anomalies; engineer sorts Excel for weeks.,Computer-vision MFL corrosion anomaly classifier calculating ASME B31G burst pressures.,,,,,
M8,M,8,p13,Gas Pipeline Grid Dispatcher,MIDSTREAM TRANSMISSION,SPS / PipelineStudio / Simone,National Gas Grid 48-Inch Trunkline & Compressors,City Gate Pressure Reducing Station Preheating,baseline,14,₹14 Cr / yr,2s vs 1 Hr,Joule-Thomson reduction chills gas; water freezes external control pilots.,Heat duty enthalpy balance solver controlling water bath heater fuel firing rate.,,,,,
M9,M,9,p13,Gas Pipeline Grid Dispatcher,MIDSTREAM TRANSMISSION,SPS / PipelineStudio / Simone,National Gas Grid 48-Inch Trunkline & Compressors,Emergency Pipeline Depressurization (ESD) Guard,critical,65,₹65 Cr / yr,0.2s vs Rupture,Pipeline rupture valve closes too fast; upstream pressure surge bursts joints.,Transient water-hammer & surge pressure simulator governing ESD stroke times.,,,,,
M10,M,10,p13,Gas Pipeline Grid Dispatcher,MIDSTREAM TRANSMISSION,SPS / PipelineStudio / Simone,National Gas Grid 48-Inch Trunkline & Compressors,Compressor Surge Avoidance & Discharge Temp,baseline,16,₹16 Cr / yr,2s vs 1 Hr,High discharge temperature cooks pipe coating; anti-surge recycling wastes power.,Interstage cooler optimization agent maintaining discharge gas below 60°C coating limit.,,,,,
M11,M,11,p13,Gas Pipeline Grid Dispatcher,MIDSTREAM TRANSMISSION,SPS / PipelineStudio / Simone,National Gas Grid 48-Inch Trunkline & Compressors,Bi-Directional Gas Grid Interconnect Balancing,baseline,18,₹18 Cr / yr,4s vs 3 Hrs,Flow reversal causes turbulent gas oscillation and unstable pressure regulators.,Hydraulic network loop solver governing flow direction changes across national grid.,,,,,
M12,M,12,p13,Gas Pipeline Grid Dispatcher,MIDSTREAM TRANSMISSION,SPS / PipelineStudio / Simone,National Gas Grid 48-Inch Trunkline & Compressors,Nitrogen / Inert Gas Purging Velocity Profile,baseline,15,₹15 Cr / yr,3s vs 2 Hrs,Nitrogen-gas interface mixes excessively; flammable slug formed in pipe.,Taylor dispersion mixing length calculator controlling purge velocity across pipe.,,,,,
M13,M,13,p13,Gas Pipeline Grid Dispatcher,MIDSTREAM TRANSMISSION,SPS / PipelineStudio / Simone,National Gas Grid 48-Inch Trunkline & Compressors,Odorant (THT/Mercaptan) Injection Concentration,critical,80,₹80 Cr / yr,1s vs Lab Audit,Odorant pump failure leaves high-pressure gas un-odorized; invisible leak into city.,Mass-flow odorant injection closed-loop validator tracking mg/m³ concentration at grid tips.,,,,,
M14,M,14,p13,Gas Pipeline Grid Dispatcher,MIDSTREAM TRANSMISSION,SPS / PipelineStudio / Simone,National Gas Grid 48-Inch Trunkline & Compressors,Pipeline External Cathodic Protection Audit,baseline,22,₹22 Cr / yr,3s vs 1 Wk,Impressed current CP rectifier trips; pipe wall exposed to subterranean corrosion.,Remote telemetry CP pipe-to-soil voltage monitor flagging un-protected pipe segments.,,,,,
M15,M,15,p13,Gas Pipeline Grid Dispatcher,MIDSTREAM TRANSMISSION,SPS / PipelineStudio / Simone,National Gas Grid 48-Inch Trunkline & Compressors,Daily Grid Nomination & Imbalance Penalty Calc,baseline,17,₹17 Cr / yr,2s vs 1 Day,Discrepancy between shipper nominations and actual physical off-takes creates penalties.,Autonomous nomination-versus-actual gas flow reconciler logging verified ledgers.,,,,,
N1,N,1,p14,Marine Terminal & Offloading Superintendent,MIDSTREAM TRANSMISSION,ShipX / Maritech / TerminalView,Marine Crude Tanker Offloading Jetty & Loading Arms,Tanker Jetty Berthing & Demurrage Mitigation,critical,45,₹45 Cr / yr,Instant vs 6 Hrs,Notice of Readiness lag; ₹15L/day demurrage penalty ticks per waiting vessel.,Autonomous laytime clock & berth scheduling agent minimizing vessel waiting time.,demurrage_mitigation_agent,projects/og-enterprise-prod/locations/us-central1/agents/demurrage_mitigation_agent,Planned Wave 1,demurrage-agent@og-enterprise-prod.iam.gserviceaccount.com,Google ADK + Logistics Optimization
N2,N,2,p14,Marine Terminal & Offloading Superintendent,MIDSTREAM TRANSMISSION,ShipX / Maritech / TerminalView,Marine Crude Tanker Offloading Jetty & Loading Arms,Shore-Tank-to-Vessel Custody Transfer Balance,critical,65,₹65 Cr / yr,4s vs 4 Hrs,Shore radar gauge vs ship ullage dip discrepancy (0.3% loss = ₹6 Cr cargo claim).,ASTM Table 5A/6A volume correction agent reconciling custody transfer disparities.,custody_transfer_reconciler,projects/og-enterprise-prod/locations/us-central1/agents/custody_transfer_reconciler,Planned Wave 1,custody-agent@og-enterprise-prod.iam.gserviceaccount.com,Google ADK + ASTM Standards
N3,N,3,p14,Marine Terminal & Offloading Superintendent,MIDSTREAM TRANSMISSION,ShipX / Maritech / TerminalView,Marine Crude Tanker Offloading Jetty & Loading Arms,Marine Loading Arm Quick-Connect Pressure Guard,critical,95,₹95 Cr / yr,0.1s vs Spill,Surge pressure during tanker ESD shears loading arm; crude spill in harbor.,Hydraulic surge relief & emergency breakaway coupling pressure interceptor.,,,,,
N4,N,4,p14,Marine Terminal & Offloading Superintendent,MIDSTREAM TRANSMISSION,ShipX / Maritech / TerminalView,Marine Crude Tanker Offloading Jetty & Loading Arms,Tank Vapor Recovery Unit (VRU) VOC Emissions,friction,20,₹20 Cr / yr,3s vs 2 Hrs,Vapor return line backpressure trips VRU; raw vapors vent into atmosphere.,Closed-loop marine loading vapor displacement compressor balancer.,,,,,
N5,N,5,p14,Marine Terminal & Offloading Superintendent,MIDSTREAM TRANSMISSION,ShipX / Maritech / TerminalView,Marine Crude Tanker Offloading Jetty & Loading Arms,Crude Cargo In-Line BSW & Density Measurement,baseline,16,₹16 Cr / yr,2s vs 6 Hrs,BS&W centrifuge test delays bill of lading release by 6 hours.,Coriolis density & microwave water-cut analyzer reconciling true net dry oil barrels.,,,,,
N6,N,6,p14,Marine Terminal & Offloading Superintendent,MIDSTREAM TRANSMISSION,ShipX / Maritech / TerminalView,Marine Crude Tanker Offloading Jetty & Loading Arms,Tank Farm Crude Sludge & Wax Settling Survey,friction,24,₹24 Cr / yr,5s vs 1 Day,Bottom sludge builds up to 2m, reducing volume and jamming floating roofs.,Acoustic sludge level radar profiler optimizing tank mixer run hours.,,,,,
N7,N,7,p14,Marine Terminal & Offloading Superintendent,MIDSTREAM TRANSMISSION,ShipX / Maritech / TerminalView,Marine Crude Tanker Offloading Jetty & Loading Arms,Floating Roof Tank Vapor Seal Gap & Tilt QC,critical,85,₹85 Cr / yr,1s vs Inspection,Uneven liquid draw tilts floating roof; explosive vapor space forms beneath rim seal.,Optical tank shell radar alignment agent alerting of roof rim tilt or seal snagging.,,,,,
N8,N,8,p14,Marine Terminal & Offloading Superintendent,MIDSTREAM TRANSMISSION,ShipX / Maritech / TerminalView,Marine Crude Tanker Offloading Jetty & Loading Arms,Vessel Ballast Water Environmental Testing,baseline,14,₹14 Cr / yr,2s vs 4 Hrs,De-ballasting delays tanker loading while lab verifies sterilization.,Automated ballast water turbidity and salinity sensor validator certifying discharge.,,,,,
N9,N,9,p14,Marine Terminal & Offloading Superintendent,MIDSTREAM TRANSMISSION,ShipX / Maritech / TerminalView,Marine Crude Tanker Offloading Jetty & Loading Arms,Marine Terminal Firewater Ring Pressure Check,baseline,30,₹30 Cr / yr,1s vs Weekly,Jockey pump leak drops loop pressure; fails NFPA marine safety code.,Firewater distribution hydraulic loop sentinel validating 10-bar standby pressure 24/7.,,,,,
N10,N,10,p14,Marine Terminal & Offloading Superintendent,MIDSTREAM TRANSMISSION,ShipX / Maritech / TerminalView,Marine Crude Tanker Offloading Jetty & Loading Arms,High-Rate Crude Tanker Stripping & Cavitation,baseline,18,₹18 Cr / yr,2s vs 1 Hr,Cargo pumps cavitate on final tank heel; destroys impellers and slows offloading.,NPSH governor throttling export pumps to prevent cavitation.,,,,,
N11,N,11,p14,Marine Terminal & Offloading Superintendent,MIDSTREAM TRANSMISSION,ShipX / Maritech / TerminalView,Marine Crude Tanker Offloading Jetty & Loading Arms,Bunkering Fuel Quality & Sulfur Content Audit,baseline,25,₹25 Cr / yr,3s vs 3 Hrs,High-sulfur fuel inadvertently loaded into IMO 2020 low-sulfur vessel; legal seizure.,Fuel bunker lab assay cross-matcher confirming sulfur content <0.50% before bunkering.,,,,,
N12,N,12,p14,Marine Terminal & Offloading Superintendent,MIDSTREAM TRANSMISSION,ShipX / Maritech / TerminalView,Marine Crude Tanker Offloading Jetty & Loading Arms,Crude Tank High-High Level (Overfill) Intercept,critical,120,₹120 Cr / yr,0.5s vs Overfill,Radar gauge freezes; crude tank overflows through breather vents (Buncefield disaster).,Independent optical & float overfill prevention logic shutting upstream valves.,tank_overfill_sentinel,projects/og-enterprise-prod/locations/us-central1/agents/tank_overfill_sentinel,Planned Wave 1,tank-sentinel@og-enterprise-prod.iam.gserviceaccount.com,Google ADK + Safety Instrumented Systems
N13,N,13,p14,Marine Terminal & Offloading Superintendent,MIDSTREAM TRANSMISSION,ShipX / Maritech / TerminalView,Marine Crude Tanker Offloading Jetty & Loading Arms,Multiple Berth Piping Cross-Contamination Guard,baseline,35,₹35 Cr / yr,1s vs Contamination,Sour crude valve leaks into sweet crude export line; degrades entire cargo price.,Multi-product manifold valve position verifier enforcing block-and-bleed isolation.,,,,,
N14,N,14,p14,Marine Terminal & Offloading Superintendent,MIDSTREAM TRANSMISSION,ShipX / Maritech / TerminalView,Marine Crude Tanker Offloading Jetty & Loading Arms,Tank Heel Temperature & Heating Coil Duty,baseline,19,₹19 Cr / yr,2s vs 4 Hrs,Heavy fuel oil tanks drop below pour point; solidifies into massive tar block.,Steam coil thermal efficiency monitor adjusting steam trap flow to maintain 55°C.,,,,,
N15,N,15,p14,Marine Terminal & Offloading Superintendent,MIDSTREAM TRANSMISSION,ShipX / Maritech / TerminalView,Marine Crude Tanker Offloading Jetty & Loading Arms,Bill of Lading & Customs Documentation,friction,22,₹22 Cr / yr,5s vs 8 Hrs,18 paper manifests physically carried between customs and surveyor for 8 hours.,Cryptographic smart-contract BOL generator compiling custody transfers in seconds.,,,,,
O1,O,1,p15,CDU/VDU Distillation Lead,DOWNSTREAM REFINING,Aspen HYSYS / Profit Suite / Exasmoc,Atmospheric Crude Distillation (CDU-1) Furnace & Column,Multi-Crude Assay True Boiling Point Blend,critical,90,₹90 Cr / yr,4s vs 8 Hrs,High-TAN crude blend ratio off; unannounced desalter upset & column flooding.,Real-time non-linear crude assay blender optimizing cut points against live prices.,crude_assay_blend_optimizer,projects/og-enterprise-prod/locations/us-central1/agents/crude_assay_blend_optimizer,Planned Wave 1,crude-blend@og-enterprise-prod.iam.gserviceaccount.com,Google ADK + Non-Linear LP
O2,O,2,p15,CDU/VDU Distillation Lead,DOWNSTREAM REFINING,Aspen HYSYS / Profit Suite / Exasmoc,Atmospheric Crude Distillation (CDU-1) Furnace & Column,Fired Heater Tube-Wall Temperature & Coking,critical,110,₹110 Cr / yr,1s vs Furnace Fire,Hot spot on furnace tubes causes tube rupture; refinery inferno and shutdown.,Infrared pyrometer & thermocouple spatial model predicting radiant coil coking.,fired_heater_coking_sentinel,projects/og-enterprise-prod/locations/us-central1/agents/fired_heater_coking_sentinel,Planned Wave 1,heater-sentinel@og-enterprise-prod.iam.gserviceaccount.com,Google ADK + Thermal Imaging
O3,O,3,p15,CDU/VDU Distillation Lead,DOWNSTREAM REFINING,Aspen HYSYS / Profit Suite / Exasmoc,Atmospheric Crude Distillation (CDU-1) Furnace & Column,Crude Desalter Emulsion & Salt Extraction QC,critical,65,₹65 Cr / yr,2s vs 4 Hrs,Salt slip into atmospheric tower causes catastrophic HCl overhead corrosion.,Electrostatic grid voltage & demulsifier dosing optimizer maintaining salt <1.0 ptb.,desalter_emulsion_salt_optimizer,projects/og-enterprise-prod/locations/us-central1/agents/desalter_emulsion_salt_optimizer,Planned Wave 1,desalter-guard@og-enterprise-prod.iam.gserviceaccount.com,Google ADK + Closed Loop Control
O4,O,4,p15,CDU/VDU Distillation Lead,DOWNSTREAM REFINING,Aspen HYSYS / Profit Suite / Exasmoc,Atmospheric Crude Distillation (CDU-1) Furnace & Column,Atmospheric Tower Kero / Diesel Cutpoint Trim,friction,38,₹38 Cr / yr,3s vs 2 Hrs,Manual 2-hour lab distillation lag leaves high-value kero trapped in heavy gasoil.,Real-time inferential property estimator tuning side-stripper steam to hit flashpoint.,,,,,
O5,O,5,p15,CDU/VDU Distillation Lead,DOWNSTREAM REFINING,Aspen HYSYS / Profit Suite / Exasmoc,Atmospheric Crude Distillation (CDU-1) Furnace & Column,Vacuum Column Deep-Cut & Asphaltene Entrainment,friction,30,₹30 Cr / yr,4s vs 3 Hrs,Over-steaming vacuum furnace pulls micro-carbon into hydrocracker feed.,VDU flash zone entrainment monitor governing wash bed wash-oil spray rates.,,,,,
O6,O,6,p15,CDU/VDU Distillation Lead,DOWNSTREAM REFINING,Aspen HYSYS / Profit Suite / Exasmoc,Atmospheric Crude Distillation (CDU-1) Furnace & Column,Crude Tower Overhead Ammonium Chloride Salt,critical,75,₹75 Cr / yr,2s vs Pipe Leak,Salts deposit above water dewpoint, causing sudden under-deposit pipe perforation.,Phase equilibrium salt deposition predictor adjusting neutralizing amine rates.,overhead_salt_deposition_sentinel,projects/og-enterprise-prod/locations/us-central1/agents/overhead_salt_deposition_sentinel,Planned Wave 1,salt-sentinel@og-enterprise-prod.iam.gserviceaccount.com,Google ADK + Corrosion Kinetics
O7,O,7,p15,CDU/VDU Distillation Lead,DOWNSTREAM REFINING,Aspen HYSYS / Profit Suite / Exasmoc,Atmospheric Crude Distillation (CDU-1) Furnace & Column,Fired Heater Excess Oxygen & Combustion Trim,friction,28,₹28 Cr / yr,1s vs Manual,Excessive stack O2 wastes ₹18 Cr fuel gas; low O2 triggers deadly unburned CO explosion.,Combustion optimizer dynamically adjusting forced draft dampers for 1.5% excess O2.,,,,,
O8,O,8,p15,CDU/VDU Distillation Lead,DOWNSTREAM REFINING,Aspen HYSYS / Profit Suite / Exasmoc,Atmospheric Crude Distillation (CDU-1) Furnace & Column,Pumparound Heat Duty & Column Hydraulic Load,baseline,20,₹20 Cr / yr,3s vs 2 Hrs,Top pumparound duty too high; pinches reflux and floods fractionation trays.,Column internal vapor-liquid traffic simulator optimizing heat removal across pumparounds.,,,,,
O9,O,9,p15,CDU/VDU Distillation Lead,DOWNSTREAM REFINING,Aspen HYSYS / Profit Suite / Exasmoc,Atmospheric Crude Distillation (CDU-1) Furnace & Column,Heavy Atmospheric Gas Oil Flashpoint QC,baseline,18,₹18 Cr / yr,2s vs 2 Hrs,Stripper column steam valve sticks; off-spec HAGO lowers downstream FCC feed quality.,Soft-sensor flashpoint predictor governing stripping steam ratio per barrel of product.,,,,,
O10,O,10,p15,CDU/VDU Distillation Lead,DOWNSTREAM REFINING,Aspen HYSYS / Profit Suite / Exasmoc,Atmospheric Crude Distillation (CDU-1) Furnace & Column,Vacuum System Ejector Steam Nozzle Erosion,baseline,22,₹22 Cr / yr,4s vs 1 Day,Steam nozzle wear degrades vacuum; raises furnace boiling temp and cracks crude.,Vacuum condenser balance monitor detecting air leaks and steam jet nozzle degradation.,,,,,
O11,O,11,p15,CDU/VDU Distillation Lead,DOWNSTREAM REFINING,Aspen HYSYS / Profit Suite / Exasmoc,Atmospheric Crude Distillation (CDU-1) Furnace & Column,Naphtha Stabilizer Column Bottoms RVP Trim,baseline,16,₹16 Cr / yr,2s vs 1 Hr,Light ends leave in bottoms, lowering catalytic reformer feed octane quality.,Distillation tray temperature controller adjusting reboiler duty to exact 9.0 psia RVP.,,,,,
O12,O,12,p15,CDU/VDU Distillation Lead,DOWNSTREAM REFINING,Aspen HYSYS / Profit Suite / Exasmoc,Atmospheric Crude Distillation (CDU-1) Furnace & Column,Overhead Fin-Fan Condenser Airflow Balancing,baseline,15,₹15 Cr / yr,2s vs 1 Hr,Summer heat waves spike column head pressure, choking crude throughput.,Louver & variable frequency fan controller optimizing condensing temperature distribution.,,,,,
O13,O,13,p15,CDU/VDU Distillation Lead,DOWNSTREAM REFINING,Aspen HYSYS / Profit Suite / Exasmoc,Atmospheric Crude Distillation (CDU-1) Furnace & Column,Column Bottoms Residence Time & Coking Guard,baseline,24,₹24 Cr / yr,1s vs Pump Seizure,Residue sits too long at 350°C; polymerizes and clogs bottoms pumps.,Residence time tracking sentinel governing emergency quenching oil injection.,,,,,
O14,O,14,p15,CDU/VDU Distillation Lead,DOWNSTREAM REFINING,Aspen HYSYS / Profit Suite / Exasmoc,Atmospheric Crude Distillation (CDU-1) Furnace & Column,Sour Water Stripper Overhead Balance,baseline,19,₹19 Cr / yr,3s vs 3 Hrs,Insufficient stripping steam leaves toxic ammonia in desalter water loop; fouls exchangers.,Sour water distillation balance solver ensuring complete NH3/H2S stripping.,,,,,
O15,O,15,p15,CDU/VDU Distillation Lead,DOWNSTREAM REFINING,Aspen HYSYS / Profit Suite / Exasmoc,Atmospheric Crude Distillation (CDU-1) Furnace & Column,CDU Energy Intensity Index (EII) Ledger,baseline,25,₹25 Cr / yr,Instant vs Monthly,Specific energy consumption per barrel tabulated monthly; misses daily energy waste.,Real-time Energy Intensity Index calculator logging megajoules/bbl to BigQuery.,,,,,
P1,P,1,p16,FCCU Process Engineer,DOWNSTREAM REFINING,CatCracker / Honeywell RMPCT / Centum,Fluid Catalytic Cracking Reactor & Regenerator (FCCU),Catalyst Circulation & Riser Heat Balance,critical,115,₹115 Cr / yr,0.1s vs Riser Explosion,Slide valve hunting causes catalyst circulation reversal; explosive air enters riser.,High-speed differential pressure sentinel governing regenerated catalyst slide valve.,fcc_catalyst_slide_valve_sentinel,projects/og-enterprise-prod/locations/us-central1/agents/fcc_catalyst_slide_valve_sentinel,Planned Wave 1,fcc-sentinel@og-enterprise-prod.iam.gserviceaccount.com,Google ADK + High-Frequency DCS
P2,P,2,p16,FCCU Process Engineer,DOWNSTREAM REFINING,CatCracker / Honeywell RMPCT / Centum,Fluid Catalytic Cracking Reactor & Regenerator (FCCU),Regenerator Cyclone Flue-Gas Catalyst Loss,critical,85,₹85 Cr / yr,1s vs 2 Hrs,Cyclone flapper hangs open; ₹8 Cr zeolite catalyst blows out stack in 2 hrs.,Acoustic dust monitor & opacity sensor watcher identifying instantaneous catalyst loss.,fcc_cyclone_catalyst_sentinel,projects/og-enterprise-prod/locations/us-central1/agents/fcc_cyclone_catalyst_sentinel,Planned Wave 1,cyclone-agent@og-enterprise-prod.iam.gserviceaccount.com,Google ADK + Acoustic Sensing
P3,P,3,p16,FCCU Process Engineer,DOWNSTREAM REFINING,CatCracker / Honeywell RMPCT / Centum,Fluid Catalytic Cracking Reactor & Regenerator (FCCU),Riser Reactor Feed Atomization Steam Ratio,friction,32,₹32 Cr / yr,3s vs 4 Hrs,Poor steam-to-oil droplet dispersion creates large droplets; triples uncracked coke.,Feed nozzle dispersion velocity optimizer ensuring micro-micron oil droplet spray.,,,,,
P4,P,4,p16,FCCU Process Engineer,DOWNSTREAM REFINING,CatCracker / Honeywell RMPCT / Centum,Fluid Catalytic Cracking Reactor & Regenerator (FCCU),Catalyst Equilibrium Metal Contamination,friction,26,₹26 Cr / yr,5s vs Lab Cycle,Feed nickel spikes unmonitored; promotes dehydrogenation and gas runaway.,Equilibrium catalyst metals monitor calculating required fresh catalyst addition.,,,,,
P5,P,5,p16,FCCU Process Engineer,DOWNSTREAM REFINING,CatCracker / Honeywell RMPCT / Centum,Fluid Catalytic Cracking Reactor & Regenerator (FCCU),Main Fractionator Slurry Pumparound Fouling,critical,70,₹70 Cr / yr,4s vs Exchanger Trip,Exchanger plugs with catalyst fines; stops heat removal, trips FCCU.,Slurry loop hydraulic pressure drop and heat transfer coefficient degradation tracker.,,,,,
P6,P,6,p16,FCCU Process Engineer,DOWNSTREAM REFINING,CatCracker / Honeywell RMPCT / Centum,Fluid Catalytic Cracking Reactor & Regenerator (FCCU),Regenerator Afterburn Combustion Control,critical,95,₹95 Cr / yr,0.5s vs Cyclone Melt,CO combusts in plenum rather than bed; temps exceed 800°C limit, melting cyclones.,Flue gas CO/O2 ratio balancer adjusting combustion air blower to suppress afterburn.,regenerator_afterburn_controller,projects/og-enterprise-prod/locations/us-central1/agents/regenerator_afterburn_controller,Planned Wave 1,afterburn-agent@og-enterprise-prod.iam.gserviceaccount.com,Google ADK + Combustion Control
P7,P,7,p16,FCCU Process Engineer,DOWNSTREAM REFINING,CatCracker / Honeywell RMPCT / Centum,Fluid Catalytic Cracking Reactor & Regenerator (FCCU),Wet Gas Compressor Anti-Surge Governor,critical,75,₹75 Cr / yr,0.05s vs Surge,Sudden riser pressure wave surges compressor; damages thrust bearings.,Dynamic anti-surge governor decoupling wet gas suction pressure from reactor swings.,,,,,
P8,P,8,p16,FCCU Process Engineer,DOWNSTREAM REFINING,CatCracker / Honeywell RMPCT / Centum,Fluid Catalytic Cracking Reactor & Regenerator (FCCU),Wet Gas Condenser Propylene/Gasoline Yield,friction,45,₹45 Cr / yr,4s vs 6 Hrs,High-value propylene yield un-optimized against gasoline octane requirements.,Non-linear reactor temperature optimizer maximizing propylene/gasoline crack spread.,,,,,
P9,P,9,p16,FCCU Process Engineer,DOWNSTREAM REFINING,CatCracker / Honeywell RMPCT / Centum,Fluid Catalytic Cracking Reactor & Regenerator (FCCU),Spent Catalyst Stripper Steam-to-Cat Ratio,baseline,18,₹18 Cr / yr,2s vs 1 Hr,Entrained hydrocarbons carried into regenerator; drives up bed temp wastefully.,Spent catalyst stripper residence time & steam distribution flow governor.,,,,,
P10,P,10,p16,FCCU Process Engineer,DOWNSTREAM REFINING,CatCracker / Honeywell RMPCT / Centum,Fluid Catalytic Cracking Reactor & Regenerator (FCCU),Flue Gas Expander Power Recovery QC,baseline,25,₹25 Cr / yr,3s vs 2 Hrs,Catalyst fines erode expander blades; turbine trips, losing 15 MW electricity.,Flue gas separator efficiency monitor predicting expander blade erosion rate.,,,,,
P11,P,11,p16,FCCU Process Engineer,DOWNSTREAM REFINING,CatCracker / Honeywell RMPCT / Centum,Fluid Catalytic Cracking Reactor & Regenerator (FCCU),Debutanizer Column Reboiler Duty & LPG RVP,baseline,16,₹16 Cr / yr,2s vs 1 Hr,Over-reboiling debutanizer carries butane into LPG overhead stream.,Distillation tray soft-sensor keeping debutanizer LPG vapor pressure within specs.,,,,,
P12,P,12,p16,FCCU Process Engineer,DOWNSTREAM REFINING,CatCracker / Honeywell RMPCT / Centum,Fluid Catalytic Cracking Reactor & Regenerator (FCCU),Feed Pre-Heat Exchanger Train Carbon Fouling,baseline,20,₹20 Cr / yr,3s vs 4 Hrs,VGO feed leaks into hot slurry loop; causes heavy fouling and energy waste.,Real-time exchanger differential temperature tracking agent alerting of tube leaks.,,,,,
P13,P,13,p16,FCCU Process Engineer,DOWNSTREAM REFINING,CatCracker / Honeywell RMPCT / Centum,Fluid Catalytic Cracking Reactor & Regenerator (FCCU),Catalyst Addition Hopper Pressurization,baseline,14,₹14 Cr / yr,1s vs Valve Leak,Fresh catalyst hopper valve leaks; catalyst spills into local environment.,Automated batch catalyst addition sequencer validating pressure interlocks.,,,,,
P14,P,14,p16,FCCU Process Engineer,DOWNSTREAM REFINING,CatCracker / Honeywell RMPCT / Centum,Fluid Catalytic Cracking Reactor & Regenerator (FCCU),Spent Catalyst Carbon Burn-Off Kinetics,baseline,19,₹19 Cr / yr,3s vs 2 Hrs,Low coke burning rate leaves residual carbon on regenerated catalyst; drops activity.,Carbon-on-regenerated-catalyst kinetic predictor tuning air distributor rates.,,,,,
P15,P,15,p16,FCCU Process Engineer,DOWNSTREAM REFINING,CatCracker / Honeywell RMPCT / Centum,Fluid Catalytic Cracking Reactor & Regenerator (FCCU),Daily FCC Conversion & Yield Accounting,baseline,22,₹22 Cr / yr,2s vs 1 Day,Material balance reconciliation between gas, LPG, gasoline, LCO, and slurry oil.,High-fidelity mass-reconciliation agent verifying daily FCC conversion yield in BigQuery.,,,,,
Q1,Q,1,p17,Hydrocracker Specialist,DOWNSTREAM REFINING,Aspen HYSYS / Profit Suite,High-Pressure Hydrocracker 150-Bar Reactor Train,High-Pressure Reactor Thermal Runaway Guard,critical,130,₹130 Cr / yr,0.1s vs Thermal Runaway,Exothermic reaction accelerates; bed temps spike >450°C (reactor explosion risk).,Multi-point bed thermocouple rate-of-rise sentinel triggering high-speed quenches.,hydrocracker_thermal_runaway_guard,projects/og-enterprise-prod/locations/us-central1/agents/hydrocracker_thermal_runaway_guard,Planned Wave 1,thermal-guard@og-enterprise-prod.iam.gserviceaccount.com,Google ADK + Fast Transient Safety
Q2,Q,2,p17,Hydrocracker Specialist,DOWNSTREAM REFINING,Aspen HYSYS / Profit Suite,High-Pressure Hydrocracker 150-Bar Reactor Train,Recycle Hydrogen Loop Purity & Bleed Rate,critical,85,₹85 Cr / yr,2s vs 4 Hrs,Methane buildup dilutes hydrogen purity below 75%; catalysts coke up and deactivate.,Gas chromatograph purity tracker balancing HP purge gas to maintain 85%+ H2 pressure.,hydrogen_recycle_purity_agent,projects/og-enterprise-prod/locations/us-central1/agents/hydrogen_recycle_purity_agent,Planned Wave 1,hydrogen-agent@og-enterprise-prod.iam.gserviceaccount.com,Google ADK + Gas Chromatography
Q3,Q,3,p17,Hydrocracker Specialist,DOWNSTREAM REFINING,Aspen HYSYS / Profit Suite,High-Pressure Hydrocracker 150-Bar Reactor Train,Ammonium Bisulfide (NH4HS) Wash-Water Rate,critical,95,₹95 Cr / yr,1s vs Pipe Burst,Sublimation of corrosive salts in reactor effluent air coolers causes catastrophic burst.,Phase-equilibrium salt crystallization model governing injection water wash rates.,wash_water_nh4hs_sentinel,projects/og-enterprise-prod/locations/us-central1/agents/wash_water_nh4hs_sentinel,Planned Wave 1,wash-water-agent@og-enterprise-prod.iam.gserviceaccount.com,Google ADK + Salt Phase Chemistry
Q4,Q,4,p17,Hydrocracker Specialist,DOWNSTREAM REFINING,Aspen HYSYS / Profit Suite,High-Pressure Hydrocracker 150-Bar Reactor Train,Ultra-Low Sulfur Diesel (ULSD) 10 ppm Target,friction,35,₹35 Cr / yr,3s vs Lab Batch,Refractory dibenzothiophene sulfur slips through; batch rejected at retail rack.,Kinetic hydrodesulfurization model calculating exact bed temp for 10 ppm spec.,,,,,
Q5,Q,5,p17,Hydrocracker Specialist,DOWNSTREAM REFINING,Aspen HYSYS / Profit Suite,High-Pressure Hydrocracker 150-Bar Reactor Train,Heavy Poly-Nuclear Aromatics (HPNA) Buildup,friction,28,₹28 Cr / yr,5s vs Line Block,Recirculating heavy aromatics precipitate in cold exchangers; blocks unit lines.,HPNA buildup kinetic model governing VGO bleed rate to prevent precipitation.,,,,,
Q6,Q,6,p17,Hydrocracker Specialist,DOWNSTREAM REFINING,Aspen HYSYS / Profit Suite,High-Pressure Hydrocracker 150-Bar Reactor Train,Catalyst Bed Differential Pressure Sag,baseline,22,₹22 Cr / yr,4s vs 1 Wk,Top catalyst bed crust forms from particulate scale; limits unit throughput.,Ergun equation bed hydraulic resistance model predicting skimming turnaround dates.,,,,,
Q7,Q,7,p17,Hydrocracker Specialist,DOWNSTREAM REFINING,Aspen HYSYS / Profit Suite,High-Pressure Hydrocracker 150-Bar Reactor Train,Make-Up Hydrogen Reciprocating Compressor,baseline,24,₹24 Cr / yr,2s vs 2 Hrs,Suction valve leakage in 150-bar compressor drops makeup delivery to loop.,Compressor PV indicator card analyzer identifying leaking suction/discharge valves.,,,,,
Q8,Q,8,p17,Hydrocracker Specialist,DOWNSTREAM REFINING,Aspen HYSYS / Profit Suite,High-Pressure Hydrocracker 150-Bar Reactor Train,Reactor Hydrotreating Dewaxing Pour Point QC,baseline,18,₹18 Cr / yr,3s vs 3 Hrs,Winter diesel pour point specification missed due to inadequate cracking.,Kinetic dewaxing conversion model adjusting reactor bed temperatures to target -15°C.,,,,,
Q9,Q,9,p17,Hydrocracker Specialist,DOWNSTREAM REFINING,Aspen HYSYS / Profit Suite,High-Pressure Hydrocracker 150-Bar Reactor Train,High-Pressure Separator Level Gas Blowby Intercept,critical,110,₹110 Cr / yr,0.1s vs Gas Blowby,Level valve fails open; 150-bar hydrogen blows into LP tower (gas blowby disaster).,Independent dual-sensor level interlock supervisor preventing gas carryover.,hp_separator_blowby_sentinel,projects/og-enterprise-prod/locations/us-central1/agents/hp_separator_blowby_sentinel,Planned Wave 1,blowby-sentinel@og-enterprise-prod.iam.gserviceaccount.com,Google ADK + Emergency Protection
Q10,Q,10,p17,Hydrocracker Specialist,DOWNSTREAM REFINING,Aspen HYSYS / Profit Suite,High-Pressure Hydrocracker 150-Bar Reactor Train,Hydrocracker Fractionator Bottoms Recycle Rate,baseline,25,₹25 Cr / yr,4s vs 4 Hrs,Recycle cutpoint shifted too high; over-cracks distillates into light gases.,Fractionation cutpoint optimizer balancing recycle ratio to maximize high-cetane diesel.,,,,,
Q11,Q,11,p17,Hydrocracker Specialist,DOWNSTREAM REFINING,Aspen HYSYS / Profit Suite,High-Pressure Hydrocracker 150-Bar Reactor Train,Amine Absorber Column H2S Slip to Recycle,baseline,20,₹20 Cr / yr,2s vs 1 Hr,Lean amine flow too low; H2S enters recycle gas, poisoning noble catalysts.,Recycle gas H2S trace analyzer tuning high-pressure amine contactor circulation.,,,,,
Q12,Q,12,p17,Hydrocracker Specialist,DOWNSTREAM REFINING,Aspen HYSYS / Profit Suite,High-Pressure Hydrocracker 150-Bar Reactor Train,Catalyst Sulfiding & Activation Temp Front,baseline,30,₹30 Cr / yr,4s vs Startup,DMDS injection rate wrong during startup; catalyst fails to reach peak activity.,Automated catalyst presulfiding kinetic guide tracking H2S breakthrough front.,,,,,
Q13,Q,13,p17,Hydrocracker Specialist,DOWNSTREAM REFINING,Aspen HYSYS / Profit Suite,High-Pressure Hydrocracker 150-Bar Reactor Train,Effluent Heat Exchanger Corrosion Probe Tracking,baseline,18,₹18 Cr / yr,2s vs 1 Day,High velocity in wash-water loop causes erosion-corrosion of Duplex stainless tubes.,Real-time electrical resistance corrosion probe reader alerting of wall loss rates.,,,,,
Q14,Q,14,p17,Hydrocracker Specialist,DOWNSTREAM REFINING,Aspen HYSYS / Profit Suite,High-Pressure Hydrocracker 150-Bar Reactor Train,Guard Bed Metal Poison Deposition (Si, Fe, As),baseline,26,₹26 Cr / yr,5s vs Lab Report,Silicon from upstream defoamers saturates guard bed; poisons hydrocracker catalysts.,Guard bed metals saturation capacity tracker predicting remaining guard catalyst life.,,,,,
Q15,Q,15,p17,Hydrocracker Specialist,DOWNSTREAM REFINING,Aspen HYSYS / Profit Suite,High-Pressure Hydrocracker 150-Bar Reactor Train,Unit Hydrogen Consumption Metric Accounting,baseline,20,₹20 Cr / yr,2s vs 1 Mo,Hydrogen consumption manually estimated; masks plant hydrogen network leaks.,Mass-balanced hydrogen consumption ledger reconciling chemical uptake vs export gas.,,,,,
R1,R,1,p18,Petrochemical Reforming & Aromatics Chemist,DOWNSTREAM REFINING,CCR Platforming / Aspen HYSYS Aromatics,Continuous Catalytic Reformer (CCR) Platformer,Continuous Catalyst Regeneration (CCR) Loop,critical,90,₹90 Cr / yr,0.2s vs Screen Melt,Catalyst lift gas surge halts circulation; regenerator over-temps melt screens.,Gas lift velocity & differential pressure balancer governing catalyst transfer cycles.,ccr_catalyst_lift_sentinel,projects/og-enterprise-prod/locations/us-central1/agents/ccr_catalyst_lift_sentinel,Planned Wave 1,ccr-sentinel@og-enterprise-prod.iam.gserviceaccount.com,Google ADK + Gas Lift Dynamics
R2,R,2,p18,Petrochemical Reforming & Aromatics Chemist,DOWNSTREAM REFINING,CCR Platforming / Aspen HYSYS Aromatics,Continuous Catalytic Reformer (CCR) Platformer,Reformer Reactor Octane (RON) Target Control,friction,36,₹36 Cr / yr,3s vs 4 Hrs,Lab knock-engine results delayed 4 hours; reformer runs sub-optimal octane barrels.,Real-time inferential RON predictor tuning reactor inlet heaters.,,,,,
R3,R,3,p18,Petrochemical Reforming & Aromatics Chemist,DOWNSTREAM REFINING,CCR Platforming / Aspen HYSYS Aromatics,Continuous Catalytic Reformer (CCR) Platformer,Reformer Moisture-to-Chloride Balance Monitor,critical,65,₹65 Cr / yr,2s vs 4 Hrs,Chlorine stripping from platinum catalyst causes severe acid corrosion & deactivation.,Water-chloride balance agent adjusting organic chloride injection per ppm moisture.,chloride_moisture_balance_agent,projects/og-enterprise-prod/locations/us-central1/agents/chloride_moisture_balance_agent,Planned Wave 1,chloride-agent@og-enterprise-prod.iam.gserviceaccount.com,Google ADK + Catalyst Kinetics
R4,R,4,p18,Petrochemical Reforming & Aromatics Chemist,DOWNSTREAM REFINING,CCR Platforming / Aspen HYSYS Aromatics,Continuous Catalytic Reformer (CCR) Platformer,Naphtha Feedstock PONA Group Hydrocarbon QC,friction,28,₹28 Cr / yr,4s vs 3 Hrs,High paraffin feed reduces aromatics yield; creates severe reactor heat drop.,Feed PONA analyzer adjusting reactor space velocity per paraffin-naphthene ratio.,,,,,
R5,R,5,p18,Petrochemical Reforming & Aromatics Chemist,DOWNSTREAM REFINING,CCR Platforming / Aspen HYSYS Aromatics,Continuous Catalytic Reformer (CCR) Platformer,Reformer Platinum Catalyst Pinning Regeneration,baseline,35,₹35 Cr / yr,5s vs 1 Day,Oxychlorination step fails to redispersion platinum agglomerations; permanent death.,Regenerator oxychlorination kinetic model tracking catalyst platinum dispersion.,,,,,
R6,R,6,p18,Petrochemical Reforming & Aromatics Chemist,DOWNSTREAM REFINING,CCR Platforming / Aspen HYSYS Aromatics,Continuous Catalytic Reformer (CCR) Platformer,BTX Extractive Distillation Solvent-to-Feed,baseline,22,₹22 Cr / yr,3s vs 2 Hrs,Sulfolane solvent ratio wrong; aromatics slip into raffinate, losing chemical margin.,Liquid-liquid extraction model governing solvent circulation rate and stripping steam.,,,,,
R7,R,7,p18,Petrochemical Reforming & Aromatics Chemist,DOWNSTREAM REFINING,CCR Platforming / Aspen HYSYS Aromatics,Continuous Catalytic Reformer (CCR) Platformer,Heavy Reformate Xylene Isomerization Ratio,baseline,25,₹25 Cr / yr,4s vs 3 Hrs,Para-xylene crystallization loop un-optimized against ortho/meta equilibrium.,Thermodynamic isomer equilibrium solver optimizing reactor temperature and cycle times.,,,,,
R8,R,8,p18,Petrochemical Reforming & Aromatics Chemist,DOWNSTREAM REFINING,CCR Platforming / Aspen HYSYS Aromatics,Continuous Catalytic Reformer (CCR) Platformer,Reformer Net Gas Hydrogen Compressor Balance,baseline,30,₹30 Cr / yr,2s vs 1 Hr,Gas rate drops; hydrogen network starves downstream hydrocrackers, forcing cuts.,Hydrogen header pressure supervisor prioritizing high-margin downstream consumers.,,,,,
R9,R,9,p18,Petrochemical Reforming & Aromatics Chemist,DOWNSTREAM REFINING,CCR Platforming / Aspen HYSYS Aromatics,Continuous Catalytic Reformer (CCR) Platformer,CCR Regenerator Coke Combustion Burn Rate,baseline,20,₹20 Cr / yr,2s vs 1 Hr,Excessive carbon on spent catalyst causes black burn; damages regenerator metallurgy.,Oxygen trim regulator tuning regeneration air rate to maintain safe flame front.,,,,,
R10,R,10,p18,Petrochemical Reforming & Aromatics Chemist,DOWNSTREAM REFINING,CCR Platforming / Aspen HYSYS Aromatics,Continuous Catalytic Reformer (CCR) Platformer,Reformate Benzene Content Compliance Blending,friction,24,₹24 Cr / yr,3s vs 2 Hrs,Finished gasoline benzene exceeds 1.0 vol% regulatory limit; shipment rejected.,Benzene precursor fractionation splitter agent controlling light reformate bypass.,,,,,
R11,R,11,p18,Petrochemical Reforming & Aromatics Chemist,DOWNSTREAM REFINING,CCR Platforming / Aspen HYSYS Aromatics,Continuous Catalytic Reformer (CCR) Platformer,Naphtha Hydrotreater Guard Reactor Arsenic Trap,baseline,40,₹40 Cr / yr,4s vs Lab Result,Lead or arsenic in crude slips past guard bed; permanently poisons platinum catalyst.,Upstream hydrotreater contaminant mass accumulator calculating poison saturation.,,,,,
R12,R,12,p18,Petrochemical Reforming & Aromatics Chemist,DOWNSTREAM REFINING,CCR Platforming / Aspen HYSYS Aromatics,Continuous Catalytic Reformer (CCR) Platformer,Sulfolane Solvent Thermal Degradation & Acidity,baseline,18,₹18 Cr / yr,3s vs 1 Wk,Solvent degrades into organic acids, causing severe pitting of distillation columns.,Solvent pH and conductivity monitor tracking monoethanolamine buffer additions.,,,,,
R13,R,13,p18,Petrochemical Reforming & Aromatics Chemist,DOWNSTREAM REFINING,CCR Platforming / Aspen HYSYS Aromatics,Continuous Catalytic Reformer (CCR) Platformer,Toluene Disproportionation (TDP) Yield Balance,baseline,20,₹20 Cr / yr,3s vs 2 Hrs,Low toluene conversion rate drops benzene and mixed xylene production.,Kinetic TDP reactor converter optimizing hydrogen-to-hydrocarbon ratio and bed heat.,,,,,
R14,R,14,p18,Petrochemical Reforming & Aromatics Chemist,DOWNSTREAM REFINING,CCR Platforming / Aspen HYSYS Aromatics,Continuous Catalytic Reformer (CCR) Platformer,Fired Heater Cross-Over Piping Temperature Bal,baseline,16,₹16 Cr / yr,2s vs 1 Hr,Uneven heat in 4-stage inter-heaters causes coking in stage 3 reactor tubes.,Multi-burner cross-over temperature balancer distributing heat across passes.,,,,,
R15,R,15,p18,Petrochemical Reforming & Aromatics Chemist,DOWNSTREAM REFINING,CCR Platforming / Aspen HYSYS Aromatics,Continuous Catalytic Reformer (CCR) Platformer,Petrochemical Aromatics Margin Netback Audit,baseline,26,₹26 Cr / yr,5s vs 1 Day,Shifting production between gasoline blendstock and chemical paraxylene manually.,Linear program price evaluator advising daily split between fuel and chemical markets.,,,,,
S1,S,1,p19,Refinery Blending & Offsite Logistics Lead,DOWNSTREAM REFINING,Aspen Blend / Honeywell BLEND / SAP,Refinery Automated In-Line Fuel Blending Manifold,Non-Linear In-Line Gasoline Octane/RVP Blend,critical,95,₹95 Cr / yr,1s vs 3 Hrs,Octane giveaway (blending 93 RON for 91 spec) wastes ₹12 Cr/mo; under-blending fails rack.,Non-linear property blending optimizer tuning real-time header trim valves.,gasoline_inline_blend_optimizer,projects/og-enterprise-prod/locations/us-central1/agents/gasoline_inline_blend_optimizer,Planned Wave 1,blend-optimizer@og-enterprise-prod.iam.gserviceaccount.com,Google ADK + In-Line NIR
S2,S,2,p19,Refinery Blending & Offsite Logistics Lead,DOWNSTREAM REFINING,Aspen Blend / Honeywell BLEND / SAP,Refinery Automated In-Line Fuel Blending Manifold,Diesel Cetane, Flashpoint & Sulfur Compliance,critical,65,₹65 Cr / yr,1s vs Quarantined Tank,Off-spec flashpoint diesel pumped into export tank; 250,000 bbl tank quarantined.,Near-infrared stream analyzer with automatic diverter valve stopping off-spec flow.,diesel_compliance_diverter,projects/og-enterprise-prod/locations/us-central1/agents/diesel_compliance_diverter,Planned Wave 1,diesel-diverter@og-enterprise-prod.iam.gserviceaccount.com,Google ADK + Stream Spectroscopy
S3,S,3,p19,Refinery Blending & Offsite Logistics Lead,DOWNSTREAM REFINING,Aspen Blend / Honeywell BLEND / SAP,Refinery Automated In-Line Fuel Blending Manifold,Heavy Fuel Oil Viscosity & Density Blending,friction,25,₹25 Cr / yr,3s vs 2 Hrs,Heavy cutter stock over-blended into marine bunker fuel; destroys margin.,Chevron-matrix viscosity index calculator finding lowest-cost cutter stock recipe.,,,,,
S4,S,4,p19,Refinery Blending & Offsite Logistics Lead,DOWNSTREAM REFINING,Aspen Blend / Honeywell BLEND / SAP,Refinery Automated In-Line Fuel Blending Manifold,Finished Product Tank Strata & Rollover Guard,critical,120,₹120 Cr / yr,2s vs Vapor Explosion,Density stratification in LNG/crude tank leads to boil-off vapor explosion.,Multi-point tank temperature and density gradient watcher tracking stratification.,tank_stratification_rollover_sentinel,projects/og-enterprise-prod/locations/us-central1/agents/tank_stratification_rollover_sentinel,Planned Wave 1,rollover-sentinel@og-enterprise-prod.iam.gserviceaccount.com,Google ADK + Stratification Physics
S5,S,5,p19,Refinery Blending & Offsite Logistics Lead,DOWNSTREAM REFINING,Aspen Blend / Honeywell BLEND / SAP,Refinery Automated In-Line Fuel Blending Manifold,Pipeline Export Batch Sequence & Interface Cut,friction,30,₹30 Cr / yr,1s vs Tank Switch,Mixing transmix between diesel and gasoline in pipeline; downgrades fuel quality.,Densitometer acoustic interface cutter calculating exact midpoint for switching tanks.,,,,,
S6,S,6,p19,Refinery Blending & Offsite Logistics Lead,DOWNSTREAM REFINING,Aspen Blend / Honeywell BLEND / SAP,Refinery Automated In-Line Fuel Blending Manifold,Finished Gasoline Ethanol (E20) Blending Ratio,baseline,20,₹20 Cr / yr,2s vs 1 Hr,National mandate for 20% ethanol; phase separation occurs if water enters tank.,Micro-water content sensor & denatured ethanol mass-flow injection governor.,,,,,
S7,S,7,p19,Refinery Blending & Offsite Logistics Lead,DOWNSTREAM REFINING,Aspen Blend / Honeywell BLEND / SAP,Refinery Automated In-Line Fuel Blending Manifold,Refinery Offsite Header Linepack & Flush Volume,baseline,18,₹18 Cr / yr,2s vs 2 Hrs,Product left in header contaminates next scheduled blend run; destroys clean kero.,Manifold displacement volume tracker calculating required pigging or flush barrels.,,,,,
S8,S,8,p19,Refinery Blending & Offsite Logistics Lead,DOWNSTREAM REFINING,Aspen Blend / Honeywell BLEND / SAP,Refinery Automated In-Line Fuel Blending Manifold,Cold Filter Plugging Point Additive Match,baseline,15,₹15 Cr / yr,3s vs 2 Hrs,Winter diesel additive overdosed; costly chemical wasted without improving cold flow.,Differential scanning calorimetry cold-flow improver dosage curve optimizer.,,,,,
S9,S,9,p19,Refinery Blending & Offsite Logistics Lead,DOWNSTREAM REFINING,Aspen Blend / Honeywell BLEND / SAP,Refinery Automated In-Line Fuel Blending Manifold,Rail Gantry & Tank Truck Loading Metering QC,baseline,16,₹16 Cr / yr,2s vs 1 Day,Gantry Coriolis mass meters drift; leads to discrepancies against custody meter.,Daily loading rack meter factor proving reconciler updating calibration factors.,,,,,
S10,S,10,p19,Refinery Blending & Offsite Logistics Lead,DOWNSTREAM REFINING,Aspen Blend / Honeywell BLEND / SAP,Refinery Automated In-Line Fuel Blending Manifold,Aviation Turbine Fuel Water & Particulate Guard,critical,150,₹150 Cr / yr,0.5s vs Tank Release,Free water or particulate in jet fuel; catastrophic jet engine freeze-up risk at altitude.,Continuous laser particle counter & water coalescer performance validator for Jet A-1.,aviation_fuel_particulate_guard,projects/og-enterprise-prod/locations/us-central1/agents/aviation_fuel_particulate_guard,Planned Wave 1,jet-fuel-sentinel@og-enterprise-prod.iam.gserviceaccount.com,Google ADK + Laser Particle Sensing
S11,S,11,p19,Refinery Blending & Offsite Logistics Lead,DOWNSTREAM REFINING,Aspen Blend / Honeywell BLEND / SAP,Refinery Automated In-Line Fuel Blending Manifold,Refinery Flare Header Steam Injection Opt,friction,22,₹22 Cr / yr,1s vs 30 Mins,Excessive steam injection wastes energy; low steam creates billowing black smoke fines.,Flare tip optical spectrometer governing steam-to-hydrocarbon ratio for smokeless flare.,,,,,
S12,S,12,p19,Refinery Blending & Offsite Logistics Lead,DOWNSTREAM REFINING,Aspen Blend / Honeywell BLEND / SAP,Refinery Automated In-Line Fuel Blending Manifold,Bitumen / Asphalt Penetration & Softening Point,baseline,14,₹14 Cr / yr,3s vs 2 Hrs,Blending vacuum residue with air-blown asphalt manually misses penetration grade.,Automated bitumen blend index calculator matching penetration and softening points.,,,,,
S13,S,13,p19,Refinery Blending & Offsite Logistics Lead,DOWNSTREAM REFINING,Aspen Blend / Honeywell BLEND / SAP,Refinery Automated In-Line Fuel Blending Manifold,LPG Odorization & Vapor Pressure Export Cert,baseline,18,₹18 Cr / yr,2s vs 1 Hr,Commercial propane/butane blend ratio exceeds summer cylinder pressure regulations.,True vapor pressure blender adjusting propane-butane ratio to seasonal specs.,,,,,
S14,S,14,p19,Refinery Blending & Offsite Logistics Lead,DOWNSTREAM REFINING,Aspen Blend / Honeywell BLEND / SAP,Refinery Automated In-Line Fuel Blending Manifold,Tank Farm Hydrocarbon Heel Minimization Calc,baseline,35,₹35 Cr / yr,5s vs 1 Mo,Dead volume in 100 tanks ties up ₹150 Cr working capital in unpumpable inventory.,Tank working volume maximizer scheduling tank cleaning and pump-down schedules.,,,,,
S15,S,15,p19,Refinery Blending & Offsite Logistics Lead,DOWNSTREAM REFINING,Aspen Blend / Honeywell BLEND / SAP,Refinery Automated In-Line Fuel Blending Manifold,End-of-Month Refinery Gain/Loss Mass Reconcile,friction,40,₹40 Cr / yr,15s vs 3 Wks,0.8% volumetric loss across refinery unaccounted for; takes finance 3 weeks.,Plant-wide gross mass-balance solver isolating physical leaks from meter drift.,,,,,
T1,T,1,p20,Process Safety (PSM) & Technical Integrity Lead,SAFETY & INTEGRITY,BowTieXP / Sphera / SAP PM / PHA-Pro,Plant-Wide Safety Instrumented System (SIS) & Flare,Safety Instrumented System (SIS) Bypass Audit,critical,120,₹120 Cr / yr,Continuous vs Forgotten,Critical trip sensor bypassed for maintenance; forgotten for 14 days; plant unguarded.,Real-time DCS bypass tracker enforcing mandatory 8-hour executive re-authorization veto.,sis_bypass_executive_sentinel,projects/og-enterprise-prod/locations/us-central1/agents/sis_bypass_executive_sentinel,Planned Wave 1,sis-sentinel@og-enterprise-prod.iam.gserviceaccount.com,Google ADK + Safety Governance
T2,T,2,p20,Process Safety (PSM) & Technical Integrity Lead,SAFETY & INTEGRITY,BowTieXP / Sphera / SAP PM / PHA-Pro,Plant-Wide Safety Instrumented System (SIS) & Flare,Bow-Tie Hazard Barrier Degradation Surveillance,critical,140,₹140 Cr / yr,Real-Time vs Audit,Simultaneous degradation of 3 independent protection layers unflagged (Swiss Cheese).,Dynamic Bow-Tie barrier health monitor calculating live cumulative risk across units.,dynamic_bowtie_barrier_sentinel,projects/og-enterprise-prod/locations/us-central1/agents/dynamic_bowtie_barrier_sentinel,Planned Wave 1,bowtie-sentinel@og-enterprise-prod.iam.gserviceaccount.com,Google ADK + Barrier Analytics
T3,T,3,p20,Process Safety (PSM) & Technical Integrity Lead,SAFETY & INTEGRITY,BowTieXP / Sphera / SAP PM / PHA-Pro,Plant-Wide Safety Instrumented System (SIS) & Flare,Pressure Relief Valve (PRV) Recertification,baseline,25,₹25 Cr / yr,5s vs 1 Mo,4,000 relief valves across refinery; overdue inspection dates missed on spreadsheets.,Predictive PRV maintenance scheduler tracking valve age, sour service, and test cycles.,,,,,
T4,T,4,p20,Process Safety (PSM) & Technical Integrity Lead,SAFETY & INTEGRITY,BowTieXP / Sphera / SAP PM / PHA-Pro,Plant-Wide Safety Instrumented System (SIS) & Flare,Management of Change (MOC) Cross-Review,friction,35,₹35 Cr / yr,10s vs 2 Wks,Pipe diameter change approved by mechanical team without checking relief capacity.,Autonomous MOC impact scanner cross-referencing proposed changes against safety cases.,,,,,
T5,T,5,p20,Process Safety (PSM) & Technical Integrity Lead,SAFETY & INTEGRITY,BowTieXP / Sphera / SAP PM / PHA-Pro,Plant-Wide Safety Instrumented System (SIS) & Flare,Toxic (H2S) & Flammable Gas Detector Voting QC,critical,85,₹85 Cr / yr,1s vs Sensor Fail,Sensor drift causes detector to fail silently; 2oo3 voting logic fails during release.,Continuous sensor health & calibration bump-test tracker flagging failing optical detectors.,gas_detector_voting_sentinel,projects/og-enterprise-prod/locations/us-central1/agents/gas_detector_voting_sentinel,Planned Wave 1,gas-sentinel@og-enterprise-prod.iam.gserviceaccount.com,Google ADK + Sensor Diagnostics
T6,T,6,p20,Process Safety (PSM) & Technical Integrity Lead,SAFETY & INTEGRITY,BowTieXP / Sphera / SAP PM / PHA-Pro,Plant-Wide Safety Instrumented System (SIS) & Flare,Hot-Work Permit-to-Work Hazard Deconfliction,critical,90,₹90 Cr / yr,0.5s vs Permit Sign,Hot welding permit issued 10m from open hydrocarbon drain; explosion risk.,Spatial GIS permit deconfliction engine detecting co-located hazardous work clashes.,permit_to_work_spatial_deconfliction_agent,projects/og-enterprise-prod/locations/us-central1/agents/permit_to_work_spatial_deconfliction_agent,Planned Wave 1,ptw-agent@og-enterprise-prod.iam.gserviceaccount.com,Google ADK + Spatial GIS
T7,T,7,p20,Process Safety (PSM) & Technical Integrity Lead,SAFETY & INTEGRITY,BowTieXP / Sphera / SAP PM / PHA-Pro,Plant-Wide Safety Instrumented System (SIS) & Flare,Cyclic Corrosion Under Insulation (CUI) Scanner,friction,30,₹30 Cr / yr,8s vs 1 Mo,Moisture under pipe cladding corrodes steel unnoticed until line ruptures under pressure.,CUI risk-ranking engine correlating operating temperature, age, and rain data.,,,,,
T8,T,8,p20,Process Safety (PSM) & Technical Integrity Lead,SAFETY & INTEGRITY,BowTieXP / Sphera / SAP PM / PHA-Pro,Plant-Wide Safety Instrumented System (SIS) & Flare,High-Risk Operating Envelope (IOW) Alarm Track,friction,28,₹28 Cr / yr,Real-time vs 1 Wk,Unit operates outside Integrity Operating Windows for 3 hours; accelerates fatigue.,Real-time IOW excursion monitor accumulating metallurgical stress and corrosion life loss.,,,,,
T9,T,9,p20,Process Safety (PSM) & Technical Integrity Lead,SAFETY & INTEGRITY,BowTieXP / Sphera / SAP PM / PHA-Pro,Plant-Wide Safety Instrumented System (SIS) & Flare,Quantitative Risk Assessment Consequence Model,baseline,20,₹20 Cr / yr,12s vs 3 Mos,Static QRA dispersion models outdated; does not reflect new expansion units.,Automated gas dispersion & explosion overpressure simulator updated per plant layout.,,,,,
T10,T,10,p20,Process Safety (PSM) & Technical Integrity Lead,SAFETY & INTEGRITY,BowTieXP / Sphera / SAP PM / PHA-Pro,Plant-Wide Safety Instrumented System (SIS) & Flare,Emergency Shutdown Partial Stroke Testing,baseline,22,₹22 Cr / yr,Automated vs Manual,Emergency shut-off valves seize in open position due to infrequent stroking.,Automated partial stroke test scheduler verifying valve seat movement without tripping.,,,,,
T11,T,11,p20,Process Safety (PSM) & Technical Integrity Lead,SAFETY & INTEGRITY,BowTieXP / Sphera / SAP PM / PHA-Pro,Plant-Wide Safety Instrumented System (SIS) & Flare,Static Equipment Remaining Life API 570 Calc,baseline,18,₹18 Cr / yr,3s vs 1 Wk,Ultrasonic thickness measurements manually entered; fails API 510/570 retirement thickness.,API 570 pipe retirement thickness calculator predicting exact equipment replacement date.,,,,,
T12,T,12,p20,Process Safety (PSM) & Technical Integrity Lead,SAFETY & INTEGRITY,BowTieXP / Sphera / SAP PM / PHA-Pro,Plant-Wide Safety Instrumented System (SIS) & Flare,Blast-Resistant Control Room HVAC Pressurization,critical,95,₹95 Cr / yr,0.2s vs Gas Ingress,Control building damper fails; toxic hydrocarbon vapors drawn into occupied room.,Differential pressure & toxic gas intake damper sentinel enforcing positive pressure.,control_room_hvac_sentinel,projects/og-enterprise-prod/locations/us-central1/agents/control_room_hvac_sentinel,Planned Wave 1,hvac-sentinel@og-enterprise-prod.iam.gserviceaccount.com,Google ADK + Environmental Control
T13,T,13,p20,Process Safety (PSM) & Technical Integrity Lead,SAFETY & INTEGRITY,BowTieXP / Sphera / SAP PM / PHA-Pro,Plant-Wide Safety Instrumented System (SIS) & Flare,Flare Minimization & Statutory Environmental Ledger,baseline,16,₹16 Cr / yr,1s vs 1 Day,Daily flaring volumes tabulated for OISD/pollution board; human estimation errors.,Continuous ultrasonic flare meter mass ledger certifying environmental emissions in BigQuery.,,,,,
T14,T,14,p20,Process Safety (PSM) & Technical Integrity Lead,SAFETY & INTEGRITY,BowTieXP / Sphera / SAP PM / PHA-Pro,Plant-Wide Safety Instrumented System (SIS) & Flare,Root Cause Failure Analysis Triad Closure Guard,friction,24,₹24 Cr / yr,5s vs Forgotten,Incident action items languish open for 18 months; repeated near-misses recur.,Action item lifecycle sentinel alerting plant managers of uncompleted safety modifications.,,,,,
T15,T,15,p20,Process Safety (PSM) & Technical Integrity Lead,SAFETY & INTEGRITY,BowTieXP / Sphera / SAP PM / PHA-Pro,Plant-Wide Safety Instrumented System (SIS) & Flare,Sovereign Regulatory Compliance Audit Package,baseline,25,₹25 Cr / yr,10s vs 6 Wks,6 weeks spent preparing for annual DGMS/OISD audit; missing calibration certificates.,1-click sovereign audit compiler assembling cryptographic proof of all safety checks.,,,,,
